timestamp,temperature,humidity,rainfall,evapotranspiration,soil_moisture,next_day_soil_moisture,region
2000-01-01,23.398751836943642,76.73054010503358,1.5788220875371082,0.0,49.23505283575405,47.96542121041612,B_humid
2000-01-02,22.980778557600026,72.60614333708567,2.6532660372975285,0.009292888649276757,47.96542121041612,47.48436220809475,B_humid
2000-01-03,22.054239500344597,74.73611211546533,1.2689118174225402,0.0,47.48436220809475,47.20954523059091,B_humid
2000-01-04,22.042005391181252,84.76457275906301,1.4382680971574848,0.11616877347546689,47.20954523059091,46.79976882043073,B_humid
2000-01-05,26.17339803303218,70.7983609707031,1.3821763646597116,0.02684432955582594,46.79976882043073,45.83748660873381,B_humid
2000-01-06,25.904208406776018,74.73815805139854,2.4046433117336785,0.2799036265197001,45.83748660873381,44.849938178678634,B_humid
2000-01-07,22.769670422016933,70.95469264297256,5.411357262844073,0.026816296071161427,44.849938178678634,47.076590034815176,B_humid
2000-01-08,27.129716586503122,74.78833679749113,2.107127171697567,0.23796609124933593,47.076590034815176,45.11281540614688,B_humid
2000-01-09,24.10142159434555,77.63242448520379,5.658262789015988,0.0,45.11281540614688,46.78115790878567,B_humid
2000-01-10,27.4715173847394,70.7711373453373,1.2730612403219619,0.40620326260365786,46.78115790878567,46.769221418090886,B_humid
2000-01-11,22.92777407232217,72.04044506533631,0.8781530349847181,0.26622567072593406,46.769221418090886,44.58979748663228,B_humid
2000-01-12,25.986024500987856,70.43041341938518,0.1823148837686228,0.3227508446045604,44.58979748663228,41.52338868267284,B_humid
2000-01-13,21.80698744134133,74.46664477848955,7.821852811927395,0.17651205134614145,41.52338868267284,44.523309346500966,B_humid
2000-01-14,25.919448751531352,73.54454829121148,1.5746402385476947,0.5257042996476424,44.523309346500966,43.05760814448514,B_humid
2000-01-15,27.91497376226195,81.11106129238567,6.324910096777122,0.07915310965791544,43.05760814448514,46.05874741995642,B_humid
2000-01-16,25.87267818674891,79.94201993523716,8.155445219873275,0.0411608390593254,46.05874741995642,49.14949078603172,B_humid
2000-01-17,24.626137225576162,71.81216985418038,2.1982560892290883,0.20043647722963295,49.14949078603172,48.48021266409344,B_humid
2000-01-18,28.19943077766853,69.69762338729016,2.048242264968797,0.8834667700504202,48.48021266409344,47.47008287785659,B_humid
2000-01-19,28.411116554990137,72.30395635622739,0.0704834974429703,0.8652580191931112,47.47008287785659,44.08539037800928,B_humid
2000-01-20,27.519192116536153,74.37416152720283,9.764214518355821,0.0,44.08539037800928,47.245888894948806,B_humid
2000-01-21,29.24372930363404,71.44942566302225,13.697971248496444,0.4733824658321531,47.245888894948806,54.10067548325899,B_humid
2000-01-22,26.841875462026177,80.72627541350263,6.325171901196717,0.0,54.10067548325899,56.42694963144084,B_humid
2000-01-23,25.921408040407098,73.05904262604167,3.4747556539673212,0.4917397018539961,56.42694963144084,55.20782973013632,B_humid
2000-01-24,27.534418104524345,74.45049006068342,0.8307793550895548,0.28187346537949143,55.20782973013632,53.371714427780574,B_humid
2000-01-25,27.779753432218815,73.44095807323396,1.8721820938842058,0.7692577770796776,53.371714427780574,52.13097379669635,B_humid
2000-01-26,24.734526812397746,75.92912343416336,0.504707541646764,0.0,52.13097379669635,51.644611420594025,B_humid
2000-01-27,26.783134613949557,73.45516715239116,1.4092854187573292,0.2743532375867324,51.644611420594025,52.72120854899187,B_humid
2000-01-28,25.78047317725143,78.15203150450384,2.1484117999812224,0.12952863175145113,52.72120854899187,50.80024179214336,B_humid
2000-01-29,25.280057815446515,75.91745397734076,2.086142765291534,0.0,50.80024179214336,50.00791229635031,B_humid
2000-01-30,24.2488996415481,84.64657157098023,0.0867466152427813,0.2676102033112726,50.00791229635031,48.43890580792569,B_humid
2000-01-31,25.96069358053922,77.04523503883998,1.531045336664746,0.33228641024730715,48.43890580792569,46.53087056706531,B_humid
2000-02-01,30.679730205221613,71.63609459088119,1.5993695165984674,1.0083682471980846,46.53087056706531,46.600601143340064,B_humid
2000-02-02,27.481274962714078,76.15166203874492,3.838668253541608,0.6862933837476743,46.600601143340064,46.10983139167227,B_humid
2000-02-03,24.760584990101705,76.35228367989174,2.789635847701908,0.0748652247716052,46.10983139167227,46.20925603938343,B_humid
2000-02-04,26.18924265732017,69.75514902690689,6.874132361922433,0.3476261513687101,46.20925603938343,48.77043923378284,B_humid
2000-02-05,31.478182166541053,67.98775631285687,1.3862751743550934,0.6648647078630862,48.77043923378284,47.38186378305256,B_humid
2000-02-06,30.089790898225694,72.31253904497214,6.7083826385578265,0.27253374393007335,47.38186378305256,48.19662313902736,B_humid
2000-02-07,28.547356014200734,78.63724954590138,2.5601827114870126,0.14413698237286085,48.19662313902736,46.92273835121406,B_humid
2000-02-08,29.886934124769724,77.36499724015933,5.522345104828904,0.46337712214219123,46.92273835121406,49.05207640104971,B_humid
2000-02-09,28.108682679304284,77.84570119187403,2.9798937889426704,0.5936224518251216,49.05207640104971,47.652291062460016,B_humid
2000-02-10,28.757946584080475,76.98238794510993,6.66587150477677,0.784949276972952,47.652291062460016,48.17641332932793,B_humid
2000-02-11,30.89991973134665,72.38456621365788,2.8333061774588484,0.6433294716305942,48.17641332932793,47.21408648708153,B_humid
2000-02-12,30.778003514214152,72.6683684168952,0.9303070960079766,0.6021350020045748,47.21408648708153,45.32279339633048,B_humid
2000-02-13,28.96311255901956,71.12317701890959,14.62396492902024,0.6890462260711196,45.32279339633048,51.84750630158969,B_humid
2000-02-14,30.258450980487446,76.17690298454056,5.908083706139543,0.39414876228619095,51.84750630158969,53.522101523762196,B_humid
2000-02-15,28.986282250267745,72.71497004901771,0.48441152983996794,0.4855418349540203,53.522101523762196,51.774257278089515,B_humid
2000-02-16,29.574020814109762,77.35806371805361,4.45740282047498,0.6303400408144397,51.774257278089515,53.81786513036999,B_humid
2000-02-17,29.763779781731017,73.3963361601836,9.557980521669256,0.47521517017018033,53.81786513036999,58.3023067053339,B_humid
2000-02-18,32.752719508936664,78.44600921720215,7.472704115959804,0.6090508448690608,58.3023067053339,60.208235502706486,B_humid
2000-02-19,29.568234388666244,73.67345228095081,1.4892750336971308,0.18274013259055838,60.208235502706486,58.9688334548782,B_humid
2000-02-20,31.964777664143757,73.39829230434916,2.477607830176515,0.5904086308277601,58.9688334548782,56.774333833364814,B_humid
2000-02-21,31.060690561444286,71.89506563634512,3.3491895599796635,0.3109007926974361,56.774333833364814,56.434804142756164,B_humid
2000-02-22,26.47874566356495,76.36835073052771,5.171629839207727,0.0,56.434804142756164,57.67459120109287,B_humid
2000-02-23,30.16697906899775,68.74272860660115,1.8718456581710339,0.9494141426293283,57.67459120109287,55.92599350719245,B_humid
2000-02-24,27.82079095899615,73.35846198645855,1.431385961589737,0.21759720157567197,55.92599350719245,55.288418140636495,B_humid
2000-02-25,31.383639417326965,73.30057536264236,1.1341077973723017,0.8327109744166187,55.288418140636495,53.24607536910783,B_humid
2000-02-26,33.329001536070834,77.90067078941007,3.6014842728721894,0.815526351125446,53.24607536910783,53.15894643293801,B_humid
2000-02-27,33.24701131820671,77.12979920134174,3.554958748661881,0.6262776285688906,53.15894643293801,53.610120462017704,B_humid
2000-02-28,27.5525097627571,70.27425163387488,7.511682832384897,0.5122459212895046,53.610120462017704,55.358459982168284,B_humid
2000-02-29,31.678895859708895,72.44816400282008,0.5557776986508771,0.8071250960368648,55.358459982168284,51.173049396760284,B_humid
2000-03-01,30.110778290570448,70.08308857875097,9.09125791718685,0.6482051776255031,51.173049396760284,54.36544514216856,B_humid
2000-03-02,29.4411662069082,84.40431950495459,1.3461747362169865,0.09317566251003544,54.36544514216856,53.74319962214989,B_humid
2000-03-03,31.793207809336614,73.45280918273308,2.3890073466369315,0.30738686207006094,53.74319962214989,53.32517314205275,B_humid
2000-03-04,31.614951353889076,72.78585669564009,5.0214588919187575,1.0682116539417876,53.32517314205275,53.79475445523282,B_humid
2000-03-05,32.287271326873395,82.2755347449102,3.207599863812631,0.32297552283327036,53.79475445523282,53.23164490092855,B_humid
2000-03-06,33.09094412000687,80.6746115498802,3.4674082248048474,0.5413188352781514,53.23164490092855,52.243867523809904,B_humid
2000-03-07,32.22550538472048,68.93768047971778,2.0452663301992025,0.4706596123114251,52.243867523809904,50.44260614034435,B_humid
2000-03-08,33.7176946141833,74.06967649164768,4.075609993935456,0.7705637754368887,50.44260614034435,50.16674153541717,B_humid
2000-03-09,31.21255306758349,74.52565948754776,1.0647483822748984,0.4684034545241135,50.16674153541717,48.4216691122971,B_humid
2000-03-10,27.64350961648912,69.9588938392919,3.416561045306131,0.34291158887798867,48.4216691122971,47.9424342711355,B_humid
2000-03-11,31.67557915442121,71.38603847188217,0.7589773407663468,0.13968922248789506,47.9424342711355,47.03471276367275,B_humid
2000-03-12,31.72824682159276,73.63603616288705,12.274163683694795,0.3477597355470749,47.03471276367275,52.189305938794256,B_humid
2000-03-13,29.861015463857864,72.23341702437723,0.42195338452367237,0.4167093930276652,52.189305938794256,52.418085443360916,B_humid
2000-03-14,29.89084862328281,76.22211864889321,1.0985775652436658,0.5393632754944342,52.418085443360916,50.7056659258494,B_humid
2000-03-15,29.943599536113588,73.15777119778119,6.968780856219699,0.3418422532962565,50.7056659258494,53.3761915433034,B_humid
2000-03-16,29.410096931853897,74.83939631948614,0.6370313353838098,0.21355131024629814,53.3761915433034,51.39073360457793,B_humid
2000-03-17,29.70355126434398,71.99951105064478,3.7850346921537192,0.5016763271914376,51.39073360457793,51.73578545229887,B_humid
2000-03-18,30.793374922980533,75.70841240207366,0.6551518200891308,0.6618467129816897,51.73578545229887,49.62569508422417,B_humid
2000-03-19,32.2118429221258,70.46291920668921,2.237207746800901,0.39148870691138743,49.62569508422417,48.56953543374763,B_humid
2000-03-20,30.546187700290403,69.97254140632013,1.8270818564682976,0.739969721629797,48.56953543374763,47.43866648043611,B_humid
2000-03-21,31.86486484911976,78.36874063366436,5.2732935107135965,0.5372461890573151,47.43866648043611,48.446498709467704,B_humid
2000-03-22,35.52032363510099,77.72236107804916,4.901475484877414,0.7327035744985582,48.446498709467704,49.97332273823501,B_humid
2000-03-23,29.59740269404033,69.0335550635049,0.16678518692554617,0.6906167273229671,49.97332273823501,46.87062324646244,B_humid
2000-03-24,30.89399119019712,74.59948762594311,1.9729568873764345,0.4143372858324604,46.87062324646244,45.37484285372395,B_humid
2000-03-25,29.248487222942515,76.88494783575705,3.7202355910965688,0.2186211245929703,45.37484285372395,47.17164298940189,B_humid
2000-03-26,29.584678170021082,72.40900760231173,0.9998748633489213,0.5770882626340389,47.17164298940189,45.86903259357398,B_humid
2000-03-27,32.38549110666752,76.06206390007054,4.0771939333809355,0.3651769972754114,45.86903259357398,45.93114602412068,B_humid
2000-03-28,32.52639059359364,70.87618302568985,4.037169777467488,0.5550435801015128,45.93114602412068,45.02640702012261,B_humid
2000-03-29,31.24066960450214,68.43346749601251,10.236625297107782,0.8497183213176891,45.02640702012261,49.073630148699124,B_humid
2000-03-30,32.47399661989526,75.29337438471208,5.211090779373639,0.6346959692100341,49.073630148699124,48.56229849858871,B_humid
2000-03-31,30.56977378166145,74.77922853052445,5.1662777141003104,0.28606661878178086,48.56229849858871,50.63133972300156,B_humid
2000-04-01,33.13505949312761,74.19603224885094,4.816169842034045,0.7457994789272444,50.63133972300156,49.157517521952514,B_humid
2000-04-02,30.880656625562832,75.25102903656854,3.7032449617529664,0.9272158566746327,49.157517521952514,48.702083292591475,B_humid
2000-04-03,31.706951817653206,79.0551864044119,1.7523871134524627,0.6481301836647672,48.702083292591475,47.69539781498209,B_humid
2000-04-04,33.76796409293535,72.0298569409677,1.3683021217918727,0.5997770298929983,47.69539781498209,46.08063375760347,B_humid
2000-04-05,31.74471010567619,72.89840422423434,5.124443458698785,0.6529577483389228,46.08063375760347,48.59733301348507,B_humid
2000-04-06,32.74563971106613,74.8374560057099,10.857189465286107,0.8570167442333525,48.59733301348507,52.00098580131959,B_humid
2000-04-07,31.66025927854448,73.49342232604567,0.1772450298964088,0.6018172632395247,52.00098580131959,49.52095766470792,B_humid
2000-04-08,30.62030165049202,73.94852541860384,2.1590511023300594,0.7653481421793895,49.52095766470792,48.02607221248621,B_humid
2000-04-09,33.96733630514521,72.93807706737644,4.940883771709283,0.5908337967361987,48.02607221248621,49.22830977341247,B_humid
2000-04-10,30.930512896021966,74.28496927485024,0.25687880724619466,0.7127681705280081,49.22830977341247,46.65147896096784,B_humid
2000-04-11,28.23719597044337,83.36916743194539,4.74800496479546,0.0,46.65147896096784,49.2865517419208,B_humid
2000-04-12,31.675214180724886,81.6287060247196,0.05612471138061031,0.5356388883429775,49.2865517419208,47.465308609213466,B_humid
2000-04-13,31.027455082243364,76.7381116664835,8.48809817319181,0.46698914404315767,47.465308609213466,50.69735303782239,B_humid
2000-04-14,30.588520998327542,75.55890826220082,0.34738809487065303,0.3616998037769644,50.69735303782239,48.7236360297004,B_humid
2000-04-15,33.84576022605143,69.6466733578701,1.1104850428237107,0.7424275555046531,48.7236360297004,47.89666874560617,B_humid
2000-04-16,34.04193072615175,72.96578214659847,0.743206268141504,0.6158881566612555,47.89666874560617,45.56705074379411,B_humid
2000-04-17,28.10569519215482,79.63156330980358,4.630094283825382,0.16161613522497853,45.56705074379411,47.38349478018172,B_humid
2000-04-18,33.980648027286506,72.79263794936053,3.59070516445083,0.9686077173707779,47.38349478018172,46.704276290255386,B_humid
2000-04-19,32.73274399877531,71.24027878399903,8.177142597944227,1.047402417429653,46.704276290255386,50.97013894987039,B_humid
2000-04-20,31.85344046477362,71.76999683777268,2.819914088214994,0.5789190464355062,50.97013894987039,50.703253537135005,B_humid
2000-04-21,32.212646014734936,66.22714383223396,2.3775326252700113,0.8507462517002865,50.703253537135005,47.118201447079244,B_humid
2000-04-22,31.173322353434838,71.88496133682104,2.211873229456746,0.9358771113448043,47.118201447079244,45.897307766956764,B_humid
2000-04-23,31.66014528943759,72.53228661491684,2.6454917377197202,0.43264350419036335,45.897307766956764,45.65159405897403,B_humid
2000-04-24,29.76946359621282,80.88554096349608,9.668167982195683,0.45938644120466987,45.65159405897403,49.59422065269924,B_humid
2000-04-25,31.69650938405683,67.9024287091876,2.3017670527843617,0.7225407354216604,49.59422065269924,49.64015092963626,B_humid
2000-04-26,31.776921870364212,75.2566396852175,9.395199632743271,0.4766281735817191,49.64015092963626,52.17957501887224,B_humid
2000-04-27,28.70790374582128,80.70543181109024,5.166289475601848,0.4222531976486819,52.17957501887224,53.24312832995074,B_humid
2000-04-28,29.545800532249803,71.06508903650708,1.8819075176979885,0.48877952522547347,53.24312832995074,51.577261358863566,B_humid
2000-04-29,32.20990681644139,64.39119163223506,3.666908601475344,1.1964830521634058,51.577261358863566,50.82436863830476,B_humid
2000-04-30,29.168756729833227,76.34367638521171,2.393971322566173,0.31180213008386115,50.82436863830476,49.96831485389939,B_humid
2000-05-01,26.72322393680096,68.07289779048968,8.375392186810908,0.36389524507618104,49.96831485389939,53.51998427074665,B_humid
2000-05-02,32.28155549920248,74.7650362296503,5.326716335031623,0.36836223025215264,53.51998427074665,54.27031339705151,B_humid
2000-05-03,32.39757104518299,69.82355185884525,22.1173591147052,0.23184434771450224,54.27031339705151,66.35689079667179,B_humid
2000-05-04,31.860429220039343,72.38232276317189,2.7621896748152457,0.8734419658700604,66.35689079667179,65.26954961094238,B_humid
2000-05-05,31.12393297019271,77.83257654712015,19.378993581131002,0.2689615076514756,65.26954961094238,73.42509811949161,B_humid
2000-05-06,33.064577075567925,72.17291512061524,1.5252419377336766,0.8842579125904741,73.42509811949161,70.67579557412829,B_humid
2000-05-07,32.79767309122196,73.58077957454547,0.6371825905366785,0.7758570081020513,70.67579557412829,67.72354497751455,B_humid
2000-05-08,29.001353239545644,77.0734229917279,0.7248260638447366,0.0,67.72354497751455,66.84370510912493,B_humid
2000-05-09,27.960322459363866,73.05997015920433,0.519550350266872,0.5712417232781979,66.84370510912493,64.7272345722743,B_humid
2000-05-10,32.86528700856143,73.03500190817596,1.1361799991723027,0.7560014918317731,64.7272345722743,64.16875099970187,B_humid
2000-05-11,30.046833082836397,77.01047008661733,9.695211836303425,0.27491191085055955,64.16875099970187,67.7860414471967,B_humid
2000-05-12,28.713245104698448,67.49752700227609,5.94159287634986,0.41988812787323593,67.7860414471967,68.80898249939158,B_humid
2000-05-13,29.609509869575486,73.94512281065168,0.9484228201609306,0.4403934780228246,68.80898249939158,66.64414375548687,B_humid
2000-05-14,27.683162300852583,70.45559125215281,3.864786101653713,0.6100877905661635,66.64414375548687,67.0301681630675,B_humid
2000-05-15,30.093244594542234,78.51435640125764,1.371327921679064,0.22020095498445358,67.0301681630675,64.99537220088422,B_humid
2000-05-16,28.527837938991873,67.62360160346672,0.46713418295887327,0.7601351004321482,64.99537220088422,62.21972307346492,B_humid
2000-05-17,33.33698694011063,68.63018819489506,6.693939789871659,0.9350321834488741,62.21972307346492,61.465904661816566,B_humid
2000-05-18,28.35817214822211,73.58637658670604,6.147308157287732,0.47334853075871675,61.465904661816566,63.76607261247202,B_humid
2000-05-19,30.226964771660086,66.7459743266932,5.394325120372565,0.8783594518191273,63.76607261247202,64.2560264943811,B_humid
2000-05-20,32.31351830174414,68.87185820570892,0.6455855734911876,0.648863904239422,64.2560264943811,63.41909565569286,B_humid
2000-05-21,31.26606736617593,70.89424054136481,3.502733574255495,0.28607006638538773,63.41909565569286,64.19401908443422,B_humid
2000-05-22,30.096807486169578,75.85270836870616,5.087571675733452,0.3525519572914167,64.19401908443422,64.50046392549423,B_humid
2000-05-23,29.413523205056126,76.93201826255873,0.35346118843215424,0.5399738024731356,64.50046392549423,62.47387111083553,B_humid
2000-05-24,31.84707983512124,70.70003997984831,11.340878835376659,0.535557143659324,62.47387111083553,66.54555356515577,B_humid
2000-05-25,34.05404479849071,78.60997624609843,1.5501069003350842,0.5883924436909372,66.54555356515577,66.09879943986746,B_humid
2000-05-26,31.21955791463015,70.43540947944561,2.0982256817411935,0.6986871482456819,66.09879943986746,65.12499339452636,B_humid
2000-05-27,26.451175444801155,82.69378686251898,2.648815359794103,0.3997046959244456,65.12499339452636,64.18064509486403,B_humid
2000-05-28,25.430847329496437,71.03116515885328,8.085221678035413,0.0,64.18064509486403,66.26020510991778,B_humid
2000-05-29,28.277490604746898,82.31191348267278,5.762156032085524,0.08851309625700501,66.26020510991778,67.50628300390939,B_humid
2000-05-30,27.7334052804395,69.15179815264574,0.5668248704349175,0.20595929367490937,67.50628300390939,64.80315304982292,B_humid
2000-05-31,30.84327134436517,78.91736371358745,4.684884504743156,0.6700539684468044,64.80315304982292,64.7719883976131,B_humid
2000-06-01,28.890000490026967,78.06059598213511,9.343719971909346,0.09419943759198371,64.7719883976131,68.21086099164148,B_humid
2000-06-02,27.745193044292158,67.07161380045851,1.3725718787100445,0.12340517048972088,68.21086099164148,66.5937183102959,B_humid
2000-06-03,26.851558015186217,77.43788828503334,6.27078851690735,0.0,66.5937183102959,66.79829268670038,B_humid
2000-06-04,27.069532181394102,77.57105418727637,3.9227009302148295,0.02879610111237274,66.79829268670038,65.75338302761129,B_humid
2000-06-05,30.935118566595,76.06271074024653,4.163540574393985,0.7544684169375853,65.75338302761129,64.20032676772702,B_humid
2000-06-06,30.264145760544004,72.77277323552734,1.1629396116754016,0.39858226770245225,64.20032676772702,61.428226045434016,B_humid
2000-06-07,27.06310436722934,73.72586178885523,5.975606916123298,0.18288560821438066,61.428226045434016,62.36438693784275,B_humid
2000-06-08,24.47541262582922,73.10400089728839,6.0545617909822536,0.6018291450606508,62.36438693784275,63.27504510391902,B_humid
2000-06-09,25.772539449808708,70.58739289972503,4.337721762862668,0.4508127871102057,63.27504510391902,62.73150135015033,B_humid
2000-06-10,25.913914837051223,75.59811999604399,3.119272349943994,0.17670148937637614,62.73150135015033,62.303873469804465,B_humid
2000-06-11,26.508300226771414,75.00587558697742,2.9150458495210962,0.8260061703102866,62.303873469804465,61.60353032633421,B_humid
2000-06-12,25.189582566244123,70.03916740255514,3.229941656315566,0.0,61.60353032633421,60.74525281831746,B_humid
2000-06-13,27.152721496481018,72.79948578787283,4.7370834125974755,0.2906703037980391,60.74525281831746,61.06397626707894,B_humid
2000-06-14,27.16870485741289,75.3028890848971,1.913002185886044,0.3060643629559008,61.06397626707894,59.26607211837582,B_humid
2000-06-15,24.827874151886125,76.00964864653369,2.763055205581844,0.03407897344832031,59.26607211837582,58.97776197949265,B_humid
2000-06-16,21.756457995503844,78.48470350587118,2.3931054039745607,0.2293354108065231,58.97776197949265,59.10573824599435,B_humid
2000-06-17,25.450126859583996,69.97431852695617,1.0773373096068033,0.5450191669811024,59.10573824599435,55.78556549536857,B_humid
2000-06-18,25.535168750799453,78.68411238287291,8.160413848677482,0.3702530983568505,55.78556549536857,59.55834775904397,B_humid
2000-06-19,27.24355615417063,74.34293188667739,6.530428374504323,0.35977581634628664,59.55834775904397,59.898971837946874,B_humid
2000-06-20,25.130614403180637,79.56453032118063,0.8592511733961455,0.0705398235946828,59.898971837946874,58.303239274325875,B_humid
2000-06-21,25.791809419259856,75.16061229435049,6.488566568312422,0.3115402618057773,58.303239274325875,59.75855842033054,B_humid
2000-06-22,26.615529158240047,80.71258895439654,0.388715088742915,0.0,59.75855842033054,59.36499371053893,B_humid
2000-06-23,22.79624307334226,78.89988513597532,0.4857607802794921,0.0,59.36499371053893,56.94893343430182,B_humid
2000-06-24,23.265496069652652,73.7837403343749,1.2825555092882224,0.08945581386462409,56.94893343430182,56.934835704579065,B_humid
2000-06-25,26.563559128024902,75.65190643235863,2.0363355330432653,0.25806957447605205,56.934835704579065,56.32728571751913,B_humid
2000-06-26,24.34709201724614,73.48668173530068,5.013821696734902,0.0,56.32728571751913,56.67692990465588,B_humid
2000-06-27,26.269802469692518,78.22120818238741,14.43080178118988,0.5404318549060607,56.67692990465588,62.64775560950466,B_humid
2000-06-28,28.068693164853002,75.17366294735567,0.6935610188567032,0.44859661982775645,62.64775560950466,61.317690067381456,B_humid
2000-06-29,21.53288339787479,81.63909135285736,3.907956192579743,0.0,61.317690067381456,61.56432626729975,B_humid
2000-06-30,25.12693525997222,80.9798816304767,3.7512670770217293,0.169251734741555,61.56432626729975,61.77273699719819,B_humid
2000-07-01,26.01658556959778,72.00561173549458,7.354888073531732,0.13441248548393325,61.77273699719819,64.57995138390967,B_humid
2000-07-02,24.335153740020512,73.7428535171555,7.869782712877873,0.11830603191021237,64.57995138390967,69.24447152365885,B_humid
2000-07-03,21.559765683336146,72.94133680487144,14.330303645858237,0.0,69.24447152365885,75.59773679664924,B_humid
2000-07-04,25.15774949162949,76.84003590058276,5.648102491422579,0.11649458876754062,75.59773679664924,76.50040210135035,B_humid
2000-07-05,23.33896164336727,78.40062275438362,0.6285869153483384,0.0,76.50040210135035,73.41643087068593,B_humid
2000-07-06,22.30936001494836,74.2215561858985,9.671146515340894,0.0,73.41643087068593,78.21091280585554,B_humid
2000-07-07,22.985580125634872,82.60059465330903,0.7808988689589813,0.0,78.21091280585554,75.40578619218935,B_humid
2000-07-08,23.124979218291223,71.84576334577113,3.7866274430259868,0.0,75.40578619218935,73.94302958885204,B_humid
2000-07-09,22.934283238190307,68.09744476553107,1.097125408680618,0.04845198775810704,73.94302958885204,73.29204377351952,B_humid
2000-07-10,20.645272041743656,79.30299601030391,5.760843912720844,0.0,73.29204377351952,73.99375618135174,B_humid
2000-07-11,23.546303250356388,73.45974654541386,2.210177557199282,0.0,73.99375618135174,72.71819576392672,B_humid
2000-07-12,23.285687767335844,81.9629831926405,1.9437818281516206,0.0,72.71819576392672,70.43528365415204,B_humid
2000-07-13,21.66996720942785,76.18276994405716,4.608141312355896,0.0,70.43528365415204,70.40444591248442,B_humid
2000-07-14,21.321952373320485,72.83864951106503,3.5362583289824103,0.0,70.40444591248442,70.94409514152471,B_humid
2000-07-15,19.64330553473567,75.1119421330641,12.865263167050452,0.0,70.94409514152471,75.09437669541148,B_humid
2000-07-16,24.65915649987527,76.35661162197212,4.691779811626278,0.05342817922664918,75.09437669541148,74.71253867484157,B_humid
2000-07-17,24.649386269618315,82.73133132022858,2.1853358114608685,0.0,74.71253867484157,74.16374191639014,B_humid
2000-07-18,23.05832120499791,69.29198683295543,2.0813780166401226,0.0,74.16374191639014,72.94516010799315,B_humid
2000-07-19,16.804467938146097,71.3672381385828,0.819063846254809,0.0,72.94516010799315,71.18371282403133,B_humid
2000-07-20,20.9095205946052,69.0628043925475,8.08766636483456,0.0,71.18371282403133,72.75385803808994,B_humid
2000-07-21,20.946198919735846,68.43086532091031,1.2819151223689316,0.0,72.75385803808994,71.21597098009887,B_humid
2000-07-22,22.13315606200093,76.05919049072622,3.2276872050383205,0.15479306191082748,71.21597098009887,69.50975245089677,B_humid
2000-07-23,25.78377721026106,77.60591388290017,4.045686804577837,0.06048989595321423,69.50975245089677,69.59681597745393,B_humid
2000-07-24,21.445215691004496,70.07770264869428,2.4827901204170475,0.0,69.59681597745393,67.92059329377732,B_humid
2000-07-25,22.065209327501883,77.19530648191902,2.762300202793329,0.0,67.92059329377732,66.88584899289913,B_humid
2000-07-26,24.133380331377662,83.13638794489786,5.471727428909351,0.0,66.88584899289913,68.32740021040887,B_humid
2000-07-27,20.33481465028061,75.74727947953004,4.526716619097457,0.0,68.32740021040887,67.79475389251252,B_humid
2000-07-28,21.34108350885923,77.49112633083394,4.344216044137215,0.0,67.79475389251252,67.33696689948265,B_humid
2000-07-29,18.20867495713426,74.34937800651143,2.4165343186272596,0.0,67.33696689948265,66.2756155997046,B_humid
2000-07-30,22.58706894711619,71.14717562809649,3.771019598114895,0.18107155107938247,66.2756155997046,66.45079150697862,B_humid
2000-07-31,19.31182492890494,75.88794859587672,1.6639172344484117,0.0,66.45079150697862,65.91283696222091,B_humid
2000-08-01,16.91038440216628,73.51574013542856,1.6157445651612883,0.0,65.91283696222091,64.22367467040998,B_humid
2000-08-02,19.717267238677753,68.80400392460857,4.443415590468499,0.0,64.22367467040998,64.33142822590933,B_humid
2000-08-03,22.604272477017876,83.93841300852837,5.168589762916274,0.0,64.33142822590933,65.72645858190255,B_humid
2000-08-04,19.59739943698356,77.19624547408776,2.5668084562115085,0.005703404305620718,65.72645858190255,63.72329944013604,B_humid
2000-08-05,19.899840654351532,77.06621586359962,2.1870871643870013,0.0,63.72329944013604,61.97255574539983,B_humid
2000-08-06,19.4759905932743,72.10251998193856,0.8472480051750133,0.0,61.97255574539983,61.10922165798335,B_humid
2000-08-07,20.368168867712416,66.7765993450866,1.8483868513100044,0.323828061603306,61.10922165798335,60.23571204093462,B_humid
2000-08-08,21.35575499119968,69.43519652454337,3.1182539598612626,0.1689940069258482,60.23571204093462,59.056718627323086,B_humid
2000-08-09,18.97087694265358,71.15884051910822,4.692294932823564,0.0,59.056718627323086,60.04966657553769,B_humid
2000-08-10,20.054705341232584,83.31509297541425,0.32619097821844145,0.0,60.04966657553769,57.661182519891206,B_humid
2000-08-11,18.530918181455373,78.41568577386282,4.475128302310113,0.0,57.661182519891206,58.43200853316355,B_humid
2000-08-12,16.240661549778647,78.696024828595,1.7677416641354595,0.0,58.43200853316355,57.819862466137884,B_humid
2000-08-13,21.82957236150901,69.03194426991234,6.326301370928437,0.0,57.819862466137884,58.36813583314887,B_humid
2000-08-14,18.311999680581348,77.09191280884127,2.924131555043361,0.0,58.36813583314887,58.382169015126756,B_humid
2000-08-15,18.512602961434546,79.2369452601678,2.158110219503028,0.0,58.382169015126756,57.479624969860076,B_humid
2000-08-16,18.052154317539557,74.55013178300166,22.643634040299553,0.0,57.479624969860076,69.74840810323084,B_humid
2000-08-17,13.435040128859395,78.26976722051525,0.42423337266066546,0.0,69.74840810323084,69.18224253120925,B_humid
2000-08-18,20.257678991805562,71.32963188178114,3.8494866728770982,0.0,69.18224253120925,69.82587573690832,B_humid
2000-08-19,15.976426912659974,82.50671323119299,0.5299085983317341,0.0,69.82587573690832,68.28117444960188,B_humid
2000-08-20,17.226021495671194,74.04486350088303,1.5255595325876066,0.0,68.28117444960188,67.91824572228712,B_humid
2000-08-21,20.26347635364123,78.37053021198881,0.6111951600380732,0.0,67.91824572228712,66.10986773237599,B_humid
2000-08-22,18.032241982908435,80.89394435050507,5.533602483270243,0.0,66.10986773237599,68.83748200942229,B_humid
2000-08-23,19.58290998128747,73.48074408552482,0.9992546445446386,0.0,68.83748200942229,68.19893563035164,B_humid
2000-08-24,18.746691763086535,70.42387965048809,8.151189772841041,0.0,68.19893563035164,69.67100499717239,B_humid
2000-08-25,20.481223342418904,81.87913451676144,6.798402726731502,0.0,69.67100499717239,71.3584533468934,B_humid
2000-08-26,17.38731655014615,75.25209491131682,1.3537873767011315,0.0,71.3584533468934,69.2332780986072,B_humid
2000-08-27,20.490029660906544,74.05877030956516,7.536879730642743,0.0,69.2332780986072,71.6794125665406,B_humid
2000-08-28,20.454895615713834,75.6165482690029,1.8385353109349152,0.0,71.6794125665406,70.68040995745862,B_humid
2000-08-29,14.959148526176238,79.79665782162142,4.7145740371037625,0.0,70.68040995745862,71.49530363714591,B_humid
2000-08-30,20.341342108010497,66.47746905796268,4.032193767725073,0.0,71.49530363714591,71.81082947116668,B_humid
2000-08-31,15.099387241904795,72.74477040265525,4.703431015759946,0.0,71.81082947116668,70.543932587137,B_humid
2000-09-01,16.256005530266343,78.75363062476607,6.561247900135253,0.0,70.543932587137,71.61640822438042,B_humid
2000-09-02,15.445834311896077,79.23479089078411,4.155453410407603,0.0,71.61640822438042,71.33630840547542,B_humid
2000-09-03,18.938417364117946,82.67532745740758,4.947662817154493,0.0,71.33630840547542,72.35642294309538,B_humid
2000-09-04,17.479850487873982,77.52521078035267,3.1555358977307013,0.0,72.35642294309538,70.9068348994148,B_humid
2000-09-05,16.610620357528894,72.79232943068955,1.1891621077731156,0.0,70.9068348994148,68.88959412625559,B_humid
2000-09-06,19.24525105571043,79.7140616578965,9.286762199630175,0.0,68.88959412625559,71.96062055114012,B_humid
2000-09-07,16.00423921382109,78.82841591416984,1.7885292933719625,0.0,71.96062055114012,72.47432780977182,B_humid
2000-09-08,16.24636318720357,74.72768585004789,2.5688352830080436,0.0,72.47432780977182,72.72786711488632,B_humid
2000-09-09,15.550802391769121,84.36798428741743,8.775815186672759,0.0,72.72786711488632,74.55771268544635,B_humid
2000-09-10,18.850440880597514,67.68367440019387,0.46134691369288944,0.0,74.55771268544635,71.93249761513604,B_humid
2000-09-11,18.100138957779148,74.2370052972901,2.902563732379937,0.0,71.93249761513604,72.32192916975973,B_humid
2000-09-12,17.657114839264043,75.90319951851635,1.2850053579098564,0.0,72.32192916975973,70.34087725860356,B_humid
2000-09-13,14.79151033689299,82.3660976987305,2.1437498387725813,0.0,70.34087725860356,69.49261209694896,B_humid
2000-09-14,18.44793208173109,73.65757172286146,40.04936730943372,0.0,69.49261209694896,90.95350562427548,B_humid
2000-09-15,17.913831197188745,77.25675533922663,2.176022394186384,0.0,90.95350562427548,88.7541512769824,B_humid
2000-09-16,13.744580887724336,77.05045624045535,21.990851838310277,0.0,88.7541512769824,99.04763365135973,B_humid
2000-09-17,15.716421241805028,71.62594739664243,6.629953875834018,0.0,99.04763365135973,99.61336704308032,B_humid
2000-09-18,16.218289964211383,71.08375865024358,3.140488507377552,0.0,99.61336704308032,97.0661037655251,B_humid
2000-09-19,13.693609737351528,75.03225343750371,3.4570593670887066,0.0,97.0661037655251,95.30449981155847,B_humid
2000-09-20,15.849870517234153,76.64459898725617,0.4339934723329517,0.0,95.30449981155847,92.7177934316839,B_humid
2000-09-21,16.21680399834334,80.42116194988513,0.4942179212902037,0.0,92.7177934316839,91.31296832894306,B_humid
2000-09-22,18.641144187947873,73.43124561807502,4.822049205193761,0.0,91.31296832894306,91.64691831793482,B_humid
2000-09-23,14.840421618294755,79.25043453924769,2.4632825360816293,0.0,91.64691831793482,90.60804201856739,B_humid
2000-09-24,20.265892307972187,79.1287958038794,1.4015543061741935,0.0,90.60804201856739,87.27700581051938,B_humid
2000-09-25,18.356734734417877,77.34051017064762,0.04497616303986554,0.0,87.27700581051938,84.89614945851187,B_humid
2000-09-26,18.679744705447337,75.17331148421049,0.30319726596201885,0.0,84.89614945851187,82.7302513016243,B_humid
2000-09-27,19.309533870964195,76.20610589441111,1.7322674932016304,0.0,82.7302513016243,80.76341232266746,B_humid
2000-09-28,15.171457125324485,73.1114637196407,2.000098338512769,0.0,80.76341232266746,79.4538700002349,B_humid
2000-09-29,18.985448105937984,72.38202432362417,1.0319920964109837,0.0,79.4538700002349,76.08052604224879,B_humid
2000-09-30,10.428674693595777,74.29999196655308,4.588943209914694,0.0,76.08052604224879,76.69412139799812,B_humid
2000-10-01,14.470489895085404,74.92946903258029,2.561462157242747,0.0,76.69412139799812,77.07215313323326,B_humid
2000-10-02,14.263583218296993,76.01396995760837,2.869993221104142,0.0,77.07215313323326,75.58801214586443,B_humid
2000-10-03,17.579930240772974,73.60159306904582,1.1123393312449523,0.0,75.58801214586443,74.7373527091901,B_humid
2000-10-04,17.320625147288233,76.58283626113898,4.028810972642503,0.0,74.7373527091901,74.70600805610616,B_humid
2000-10-05,12.879231274118062,73.19175793698602,6.339973886793833,0.0,74.70600805610616,75.74841257450686,B_humid
2000-10-06,12.745038117632923,81.99090067144958,1.435589778322351,0.0,75.74841257450686,73.19317193787951,B_humid
2000-10-07,16.84071967202491,78.42339070603867,4.977591568743819,0.0,73.19317193787951,72.26334198044107,B_humid
2000-10-08,15.218011903668359,76.79417278413975,3.0555106571908652,0.0,72.26334198044107,72.61740379743823,B_humid
2000-10-09,18.255987218727633,75.97145477456225,3.8958964940812075,0.0,72.61740379743823,72.10139906645503,B_humid
2000-10-10,16.1560197907939,80.76300049347363,2.9246217745835947,0.0,72.10139906645503,70.71633323252392,B_humid
2000-10-11,12.900240293245236,84.02907533634745,3.4724254109221975,0.0,70.71633323252392,70.5346733113365,B_humid
2000-10-12,16.634408731408687,74.75412561310442,1.6851402251394416,0.0,70.5346733113365,66.16114325668896,B_humid
2000-10-13,15.446811973765836,76.08953360107208,2.7514548299787083,0.0,66.16114325668896,66.56924626780197,B_humid
2000-10-14,17.155887173903437,80.50489546153688,8.28129390403517,0.0,66.56924626780197,69.09038394680144,B_humid
2000-10-15,18.92647371430026,82.01628568421775,5.4352860134062135,0.0,69.09038394680144,68.72974208222743,B_humid
2000-10-16,14.472717373740046,73.49766362706602,1.1103481383515867,0.0,68.72974208222743,66.41981552559461,B_humid
2000-10-17,16.86426041435102,73.38904400403656,12.09056432012181,0.0,66.41981552559461,71.6536617805389,B_humid
2000-10-18,17.87843807322489,75.61976235788111,3.970484608561519,0.0,71.6536617805389,72.07470870479499,B_humid
2000-10-19,12.817850281906876,83.60057452773654,3.7430298613040556,0.0,72.07470870479499,71.18797611005948,B_humid
2000-10-20,17.482879675537486,75.97860118007857,1.1117811804143503,0.0,71.18797611005948,68.87680054169077,B_humid
2000-10-21,17.69554089335075,72.50114930868239,1.5630284711705695,0.0,68.87680054169077,66.88132871805327,B_humid
2000-10-22,15.036994277705444,77.24698776794858,0.5705109172021139,0.0,66.88132871805327,64.11625401952458,B_humid
2000-10-23,17.97141045022353,75.19688529034954,0.8379684276249895,0.0,64.11625401952458,62.29821925768756,B_humid
2000-10-24,15.090450769533708,75.04884448635764,0.3178338702844153,0.0,62.29821925768756,60.627392107660135,B_humid
2000-10-25,21.689373017009718,80.54269263711465,1.8028672409671522,0.0,60.627392107660135,60.31599509270722,B_humid
2000-10-26,17.367454702779806,72.98429606167808,4.537877665940407,0.0,60.31599509270722,60.49656989784272,B_humid
2000-10-27,16.393047829288253,79.15854981698058,3.979167807925858,0.0,60.49656989784272,60.025278316435255,B_humid
2000-10-28,19.759342493071568,77.55468531709411,0.3770178376970167,0.0,60.025278316435255,57.29037041154293,B_humid
2000-10-29,21.509107305149463,75.76385950184864,5.2736761797540055,0.0,57.29037041154293,57.2792958935228,B_humid
2000-10-30,19.76828097573624,80.91991343351694,2.5388404294677605,0.0,57.2792958935228,58.40049791167929,B_humid
2000-10-31,15.530261858172302,69.35207798329553,0.8721158567225435,0.0,58.40049791167929,56.50250072656259,B_humid
2000-11-01,18.812997274475418,79.66876724416039,1.8339109976738672,0.0,56.50250072656259,56.99020710978338,B_humid
2000-11-02,13.288787667271755,73.78730555097549,0.974330496252569,0.0,56.99020710978338,54.94484715740987,B_humid
2000-11-03,20.061163362572387,77.8631209916954,3.9504947747236097,0.0,54.94484715740987,54.51797525340022,B_humid
2000-11-04,16.65062224860932,77.57307512173925,1.053930029187439,0.0,54.51797525340022,52.20708853352918,B_humid
2000-11-05,13.943743005180991,80.45097476745076,2.9747740095053037,0.0,52.20708853352918,52.254748525915524,B_humid
2000-11-06,18.838301859250375,78.33663061398113,3.4573813681263266,0.0,52.254748525915524,52.0450372374241,B_humid
2000-11-07,15.802837496860372,85.53583974683468,4.375182311192147,0.0,52.0450372374241,52.47937263097681,B_humid
2000-11-08,15.576481177720478,78.25758934875307,5.076853464526781,0.0,52.47937263097681,53.391850683065606,B_humid
2000-11-09,17.904367577512616,77.49999070738505,3.921939989305296,0.0,53.391850683065606,52.74571876801863,B_humid
2000-11-10,16.92733447423408,75.28869501743219,2.7336470539543676,0.0,52.74571876801863,52.05710010217964,B_humid
2000-11-11,14.689355371336019,76.43762189665632,7.096729265485266,0.0,52.05710010217964,54.25954473853295,B_humid
2000-11-12,18.446452487687097,76.58305203227431,6.474392814113852,0.20356435855539268,54.25954473853295,54.933549840331864,B_humid
2000-11-13,21.6328196533677,70.97316215216304,3.241723502890347,0.29901489115077595,54.933549840331864,53.99469031646962,B_humid
2000-11-14,19.171064928594628,78.33469732135349,2.356757509828107,0.0,53.99469031646962,52.33406144544311,B_humid
2000-11-15,17.21073775388519,76.52626730698277,1.1497287446639954,0.0,52.33406144544311,50.27077002734871,B_humid
2000-11-16,16.60424402155005,80.83487683247387,6.690479067360138,0.0,50.27077002734871,52.19256531895948,B_humid
2000-11-17,21.443545931386062,82.29434351456852,9.66940285133943,0.0,52.19256531895948,56.87388456406091,B_humid
2000-11-18,22.856894736788604,78.59958494196724,0.6537328205057986,0.0,56.87388456406091,55.90414531315342,B_humid
2000-11-19,17.710000883407254,78.89542882055305,10.919412595051384,0.0,55.90414531315342,59.01579730719564,B_humid
2000-11-20,18.549778314109723,77.48054457264266,0.5259416811811293,0.0,59.01579730719564,57.22210793322246,B_humid
2000-11-21,18.530328380912135,75.29605065375841,0.12840704850399082,0.0,57.22210793322246,56.18355273168473,B_humid
2000-11-22,17.773055433504837,81.42663828325817,0.6952175843603927,0.0,56.18355273168473,52.55826079077887,B_humid
2000-11-23,17.283770232304374,70.56731137273167,5.2279885326551865,0.0,52.55826079077887,53.58956058013052,B_humid
2000-11-24,20.776488182559184,80.96444204991248,3.3171413188203798,0.0,53.58956058013052,54.58151164764353,B_humid
2000-11-25,20.93344149025833,73.60272724457248,3.2940945612449193,0.0,54.58151164764353,53.111520546901616,B_humid
2000-11-26,18.904973896422078,86.40627549124027,0.9839657226765203,0.0,53.111520546901616,52.87483936609717,B_humid
2000-11-27,20.736669279935587,74.23066530888464,2.8883776925591222,0.0,52.87483936609717,52.875701301565854,B_humid
2000-11-28,23.53135746462351,76.99045500011134,3.0981989521728313,0.0,52.875701301565854,52.47773401976288,B_humid
2000-11-29,18.752121332757795,72.1845484286269,0.8691888195370605,0.0,52.47773401976288,52.55758803549327,B_humid
2000-11-30,23.577833700480596,69.42234799660547,25.172059606339914,0.2290053244732651,52.55758803549327,65.9620007335346,B_humid
2000-12-01,21.776037803774337,70.120468244105,3.3287900854955725,0.08391575623494262,65.9620007335346,64.53073077321966,B_humid
2000-12-02,17.22693553391784,78.879616700784,17.695881917499143,0.0,64.53073077321966,73.30592598066659,B_humid
2000-12-03,21.890647648481053,72.98726047977598,2.013430110975537,0.0,73.30592598066659,71.03864904419562,B_humid
2000-12-04,19.676528232564248,71.33162083501891,5.255969451317263,0.0,71.03864904419562,73.17724244705494,B_humid
2000-12-05,19.3545107314143,70.53501833681409,1.2781260149358964,0.0,73.17724244705494,70.84032787256997,B_humid
2000-12-06,19.610580162754907,80.09759841475302,5.18491434405515,0.0,70.84032787256997,71.26165889950592,B_humid
2000-12-07,21.631397756614408,82.9799708254118,4.516063872628954,0.0,71.26165889950592,71.83418230948284,B_humid
2000-12-08,19.925393641519648,85.15482537934147,1.64061061716254,0.0,71.83418230948284,71.53938023555733,B_humid
2000-12-09,21.983218809671516,76.14070274709012,5.504496017659204,0.003475536819823266,71.53938023555733,71.53703249993245,B_humid
2000-12-10,17.94051828776138,77.34027464831232,2.5471407285478467,0.0,71.53703249993245,71.34637206676565,B_humid
2000-12-11,18.666526875854665,79.77865311604225,2.883074013479671,0.0,71.34637206676565,70.77195308505645,B_humid
2000-12-12,20.599353264326183,82.56313753931781,0.4283250376707577,0.0,70.77195308505645,70.04292760009115,B_humid
2000-12-13,21.21044616632444,64.93005294239042,8.281702786311328,0.0,70.04292760009115,72.48440321240881,B_humid
2000-12-14,21.963724193946447,77.87212656999195,2.9364315219012562,0.0,72.48440321240881,70.84604934710683,B_humid
2000-12-15,24.105623473117234,72.19778128305771,0.42139841241976844,0.043813293939793226,70.84604934710683,68.91401168431425,B_humid
2000-12-16,21.50037312654143,77.08564004615498,5.493187237949189,0.0,68.91401168431425,71.05629614903323,B_humid
2000-12-17,21.993965014531845,82.2433531572317,0.29786329279316853,0.0,71.05629614903323,67.73662409653623,B_humid
2000-12-18,22.985987194966803,81.24612780409221,2.4852339343810486,0.0,67.73662409653623,65.28333884406605,B_humid
2000-12-19,26.231095422316304,70.2784563317217,4.851193950264144,0.23688823443674978,65.28333884406605,65.4517504751256,B_humid
2000-12-20,22.4809352154634,76.45106812505674,3.6153281282822674,0.048927325231318985,65.4517504751256,65.01537409162935,B_humid
2000-12-21,23.105315001026987,78.70711874179645,0.5206658151432122,0.0,65.01537409162935,63.83510104199915,B_humid
2000-12-22,24.10506786971639,81.15199941269549,2.086981186799666,0.18790362198018562,63.83510104199915,61.345084205682184,B_humid
2000-12-23,20.58868344960595,77.88527698985277,26.4937222298883,0.0,61.345084205682184,75.63041683696206,B_humid
2000-12-24,25.54974788267521,68.04419309197519,1.2946168037770747,0.4769824488217914,75.63041683696206,71.60970569056609,B_humid
2000-12-25,22.635598136814227,65.93251115205165,0.05829260273556486,0.0,71.60970569056609,69.14130247289631,B_humid
2000-12-26,22.29777361409319,74.93530779820487,0.9383149984385074,0.0,69.14130247289631,68.2201854070401,B_humid
2000-12-27,26.289742264327188,77.54261546860332,1.820819284464997,0.13252953403043613,68.2201854070401,66.466793046262,B_humid
2000-12-28,22.68947092950043,74.3650885667738,0.2888922180094574,0.4498439186311207,66.466793046262,64.86842774002875,B_humid
2000-12-29,20.00984183073793,72.57732222339348,6.6972844823742035,0.17256485201989946,64.86842774002875,65.3242751257639,B_humid
2000-12-30,21.96032603349362,76.79845273911063,1.8561159980135138,0.0,65.3242751257639,63.347060034420664,B_humid
2000-12-31,22.2760984702363,72.50622047002963,0.3699176515839776,0.02685213610505971,63.347060034420664,61.2460221637456,B_humid
2001-01-01,28.363369719436818,73.095559935397,2.4901604621544253,0.5534120999548217,61.2460221637456,59.37547878721968,B_humid
2001-01-02,28.56226255939127,76.27788332972352,2.9518829647075058,0.3511743857214885,59.37547878721968,60.477145609756676,B_humid
2001-01-03,24.421788374454902,76.56782253505136,1.3115945155568556,0.26471789226011855,60.477145609756676,58.39466680760029,B_humid
2001-01-04,24.06406839865493,73.58917707153692,4.660561505665115,0.01901930068067434,58.39466680760029,59.28525015251604,B_humid
2001-01-05,28.35113632125242,72.99339959312528,1.9891346508575307,0.758865571690458,59.28525015251604,56.95740176182156,B_humid
2001-01-06,25.6438422882487,76.91456322676501,1.0197429974173495,0.2163799058122239,56.95740176182156,54.85136423760274,B_humid
2001-01-07,25.544349153957505,76.56468652852367,0.3931815209175298,0.0,54.85136423760274,52.63085806167757,B_humid
2001-01-08,26.82880353650582,75.81945467191818,0.377636370518929,0.2677252054525425,52.63085806167757,50.59475107583394,B_humid
2001-01-09,27.77876987631591,75.63006694083029,1.6580296250432633,0.14134801324247787,50.59475107583394,48.96370201846637,B_humid
2001-01-10,24.35248484671384,74.8399446525106,7.228835727931786,0.055086307735172625,48.96370201846637,50.21585611789324,B_humid
2001-01-11,25.257037713365722,78.37573238119028,6.4459312649433524,0.0,50.21585611789324,53.429239169774604,B_humid
2001-01-12,26.04120007633392,75.10730146524361,20.786737420306533,0.0,53.429239169774604,63.24928566268511,B_humid
2001-01-13,25.148389993414845,77.30273380596171,5.50913523213107,0.21208448061642257,63.24928566268511,65.20548690705492,B_humid
2001-01-14,28.666968360666495,74.65436242075879,3.7120501946984503,0.06662940919734545,65.20548690705492,63.85085890093318,B_humid
2001-01-15,25.991905876798786,77.00460947734497,4.150793065561223,0.003969777609847444,63.85085890093318,64.44740529829332,B_humid
2001-01-16,24.350339454388426,78.16723658037267,1.2876088876434686,0.20092553407138003,64.44740529829332,62.01688075090605,B_humid
2001-01-17,28.156060488277536,70.30219179615392,0.46933404981359234,0.12543653498125634,62.01688075090605,59.92967125807319,B_humid
2001-01-18,27.52868779903285,78.10919267501778,8.269688375481236,0.4057837823048248,59.92967125807319,61.807386613965555,B_humid
2001-01-19,30.983781863874786,71.57586128262592,0.8306154957437052,0.5459582769136689,61.807386613965555,58.884347415690286,B_humid
2001-01-20,27.078309989861534,74.45987320923909,0.6313361818712505,0.0,58.884347415690286,58.88889583545988,B_humid
2001-01-21,26.376563400310506,79.33888924093911,5.341935806008052,0.37966825518458946,58.88889583545988,60.311341517372874,B_humid
2001-01-22,28.56019195897247,81.02436712740696,3.8208562580320544,0.3431708119596728,60.311341517372874,61.159763447627235,B_humid
2001-01-23,27.66470690505253,74.83189946308113,3.0206736984209592,0.0,61.159763447627235,60.32138373690034,B_humid
2001-01-24,30.462492583350365,71.22076336048755,4.983846878745386,0.6711847005405848,60.32138373690034,59.64231672242054,B_humid
2001-01-25,25.058654570247963,77.01730543565574,1.1733508742409333,0.17765556885391992,59.64231672242054,58.071455787543336,B_humid
2001-01-26,26.591753900492858,72.66776381083031,5.699785091700399,0.19374705370211923,58.071455787543336,60.371823912232536,B_humid
2001-01-27,27.337792676687602,69.35300369431988,5.692186981845962,0.5064802763183595,60.371823912232536,61.82194981040864,B_humid
2001-01-28,26.83644395343573,73.0512883695024,2.3773344930335965,0.12076274774986404,61.82194981040864,60.558688357651604,B_humid
2001-01-29,26.799301126933777,72.43589367881424,1.1098801581343087,0.39125338536858745,60.558688357651604,58.28268838533235,B_humid
2001-01-30,25.968094429721695,66.92810255568618,1.1457248038963177,0.5761626146120318,58.28268838533235,55.90323654469404,B_humid
2001-01-31,26.161419548440392,76.08502177255994,0.08959497410318368,0.0,55.90323654469404,53.556235768484804,B_humid
2001-02-01,27.998770877780345,72.83681544643251,2.506267445418232,0.5400367839897808,53.556235768484804,52.16899519940789,B_humid
2001-02-02,25.637609370304254,79.9953430263331,6.511957359412284,0.5522764006501267,52.16899519940789,53.27732590248447,B_humid
2001-02-03,30.764033857156427,70.53150671791667,0.2886742735127346,0.5462618178281832,53.27732590248447,50.82591929904022,B_humid
2001-02-04,31.630280663774478,71.74198728026269,5.511422255904064,0.5105712244166152,50.82591929904022,53.961191697782795,B_humid
2001-02-05,24.553524469432197,72.9235826851384,0.3437040447755427,0.07909651992190678,53.961191697782795,53.06136909965424,B_humid
2001-02-06,29.11120028272651,72.95766363919029,9.925346130983682,0.5920833824971878,53.06136909965424,57.77016983548981,B_humid
2001-02-07,26.427870363101416,75.2769751659264,16.038977336257517,0.45411581867427503,57.77016983548981,63.19417430856788,B_humid
2001-02-08,27.20979141144521,80.76914828955701,0.7294145917338418,0.2584583253076308,63.19417430856788,60.8342468493296,B_humid
2001-02-09,29.83216777826219,70.91806818352865,0.7673781896611214,0.455520538689809,60.8342468493296,58.601949928180716,B_humid
2001-02-10,30.426539542855433,74.97902154126213,4.159667373586998,0.47441482028619253,58.601949928180716,59.49256982478954,B_humid
2001-02-11,29.29208583215843,79.67509220289698,1.0007635268013455,0.41972908844434764,59.49256982478954,56.940530042436954,B_humid
2001-02-12,31.442414845938508,70.76410977693415,0.3850611393924997,0.5662785494492644,56.940530042436954,54.943230655148014,B_humid
2001-02-13,30.018001948625653,75.08397368454243,4.298409034177286,0.03985213833050705,54.943230655148014,55.3919156522163,B_humid
2001-02-14,26.183057987986913,70.28736259685564,11.138392929803903,0.11644693983893542,55.3919156522163,59.54089518098506,B_humid
2001-02-15,31.7151627243551,70.34163434108554,0.6890584374047357,0.8935629202091846,59.54089518098506,57.03390140007103,B_humid
2001-02-16,30.617996442214924,78.03800605670472,0.8290784791867172,0.3419525143794604,57.03390140007103,56.351555030398345,B_humid
2001-02-17,32.42536461027002,72.99488128098892,1.8769089383475968,0.677620953479125,56.351555030398345,55.155046072981996,B_humid
2001-02-18,29.336109668597565,77.48893350687068,2.652253603322346,0.007637648189442958,55.155046072981996,53.28847490864193,B_humid
2001-02-19,32.770391414501624,70.88345041607543,0.22261044309404565,0.7615534808114909,53.28847490864193,49.628652888468466,B_humid
2001-02-20,33.1230012539035,72.07944262810781,4.530974356905036,0.865454434258606,49.628652888468466,49.88905564927712,B_humid
2001-02-21,33.2961607841708,69.2706040457755,0.842007860489964,0.6396568078927476,49.88905564927712,48.431918729193875,B_humid
2001-02-22,31.471659762931022,78.44528248751962,1.1398750757136866,0.3189787026027202,48.431918729193875,46.19577819328415,B_humid
2001-02-23,28.00499546330315,73.8280392601771,4.51278446043374,0.49230195162814405,46.19577819328415,47.32693856302578,B_humid
2001-02-24,29.273040508531214,71.61326339161148,7.54268133876691,0.6155148727744892,47.32693856302578,49.060977078704894,B_humid
2001-02-25,31.295149306548034,71.0866563079066,1.7476215659732113,0.7487519121729755,49.060977078704894,48.38695552391086,B_humid
2001-02-26,32.966236200843724,77.0561485621722,1.694172131134859,0.8833488622010173,48.38695552391086,46.63534655406727,B_humid
2001-02-27,31.203527344841024,79.14637752033019,0.8128465943680357,0.3349866920474767,46.63534655406727,44.72935405260005,B_humid
2001-02-28,32.479682738253565,72.49819747256217,1.401383266041889,0.6721973379744365,44.72935405260005,41.543763113765486,B_humid
2001-03-01,30.114278669398832,73.74653325981294,4.95795517412121,0.67151637212021,41.543763113765486,42.09531914432115,B_humid
2001-03-02,31.24693230777592,75.2725893752543,2.8218218131954274,0.8007689647546707,42.09531914432115,41.63834466064846,B_humid
2001-03-03,29.80519085135228,74.82137279509917,0.6689178056489584,0.1902080740060375,41.63834466064846,39.86515662662395,B_humid
2001-03-04,29.984916760721422,71.01216188956191,9.638488187482947,0.38781490663245044,39.86515662662395,43.556190096527025,B_humid
2001-03-05,36.95849391025135,78.1515354504176,0.6636478381853438,0.7902094802539736,43.556190096527025,42.21671632741232,B_humid
2001-03-06,32.33591392224581,81.15764657052763,2.2435214803061907,0.45626295027311187,42.21671632741232,42.36686977381496,B_humid
2001-03-07,31.134926702092226,70.62671593418888,1.4576825805239269,0.6898481187060561,42.36686977381496,40.77832896713618,B_humid
2001-03-08,34.187791818255846,75.0402885458861,0.2707659770774904,0.8085235730686914,40.77832896713618,39.269776043250644,B_humid
2001-03-09,30.630866895253305,76.03328638654673,2.2751803966818698,0.2434713191782677,39.269776043250644,40.12922929881521,B_humid
2001-03-10,33.216387529848525,80.55184294964954,9.438097883963286,0.3197592841385831,40.12922929881521,44.15696651820707,B_humid
2001-03-11,30.48710353694617,75.35925508248847,0.39514888512488033,0.5703380033594079,44.15696651820707,42.152955155049504,B_humid
2001-03-12,33.0952502391125,72.36649060678182,0.2676687384061411,0.7094177712340455,42.152955155049504,38.84815919849271,B_humid
2001-03-13,33.72205262550991,75.01560118991331,1.815092795726359,0.8560251868186833,38.84815919849271,37.23687935352384,B_humid
2001-03-14,31.04073499708994,82.13113434614871,5.021661969750185,0.053217384159540415,37.23687935352384,38.45646370076657,B_humid
2001-03-15,31.043729811138558,72.25750270903565,0.4249384842383902,0.228180248297906,38.45646370076657,35.424219150976356,B_humid
2001-03-16,35.43238954518992,75.86498784947592,6.085358791738634,0.34104177049430473,35.424219150976356,38.13025883411739,B_humid
2001-03-17,36.277277956544225,67.15069559059947,4.385031097958092,1.367362727833997,38.13025883411739,38.21389697635829,B_humid
2001-03-18,32.36055923727791,73.86182440923847,6.317818469965682,0.4263713170892593,38.21389697635829,39.74000572378024,B_humid
2001-03-19,33.505444344609444,70.30814035544526,2.0432985725005137,0.9042638134703551,39.74000572378024,37.4628116411914,B_humid
2001-03-20,33.79372655378835,82.08575957212489,4.400250370352518,0.28810059159707996,37.4628116411914,38.5561497109241,B_humid
2001-03-21,37.1349818335796,70.55150138053577,1.5184934073288305,0.975120149057721,38.5561497109241,36.434637387302466,B_humid
2001-03-22,32.88078650551237,72.1317137526537,3.401167352879555,0.8392210289352312,36.434637387302466,36.69741850574155,B_humid
2001-03-23,30.019014255917174,73.61131507747136,4.735990608301673,0.8895151510857173,36.69741850574155,36.49261952126919,B_humid
2001-03-24,37.52709986122651,75.9682722481586,0.5523764342316162,0.7523888662044635,36.49261952126919,34.945771735807256,B_humid
2001-03-25,31.60587759073748,78.5107295513107,6.612061060198364,0.5565027660279378,34.945771735807256,37.39113069611864,B_humid
2001-03-26,30.06996652804496,81.14300630139917,0.5191897807093636,0.6561438106113393,37.39113069611864,35.88771925486683,B_humid
2001-03-27,34.59669874888016,72.14694929595804,0.9307706993511371,1.0248075942228148,35.88771925486683,35.55215143715064,B_humid
2001-03-28,30.695720388182338,67.785730185696,0.8214950616858969,0.6298181952123931,35.55215143715064,34.53772311545127,B_humid
2001-03-29,33.96455328043511,62.01853295344532,1.0338156463038364,0.8401126158017538,34.53772311545127,32.913430516160325,B_humid
2001-03-30,30.50891786774125,70.38691473525012,3.3551807539673417,0.8417290551047996,32.913430516160325,31.9817828678019,B_humid
2001-03-31,33.47565393569845,77.03439791002361,3.2056277259539376,0.3754907412361457,31.9817828678019,32.53559359605909,B_humid
2001-04-01,31.084821392711728,71.32538861612544,7.171759997286931,0.6532441822793735,32.53559359605909,33.36662581316446,B_humid
2001-04-02,33.884928968080196,73.35894609494946,6.119282406347123,0.6041696118782753,33.36662581316446,35.83083586386383,B_humid
2001-04-03,30.39409827075191,68.85168812071224,2.3612203510218572,0.6558968858552752,35.83083586386383,37.282943033738476,B_humid
2001-04-04,33.82389127612334,70.5832491032607,4.381956349136597,0.6190117921010299,37.282943033738476,36.80183126633066,B_humid
2001-04-05,32.2830062587082,76.33852210396734,3.9786276396695897,0.6209615904499358,36.80183126633066,37.784189590956025,B_humid
2001-04-06,29.550391928917133,74.31082549428464,4.479404435698098,0.4528780505757768,37.784189590956025,38.82762532368885,B_humid
2001-04-07,30.409377236577885,66.77192293614988,2.1660001421101245,1.0177451717798824,38.82762532368885,36.76339870169643,B_humid
2001-04-08,32.65601415172798,68.17092666344378,2.322841192912425,1.1262968867263594,36.76339870169643,36.64149019426544,B_humid
2001-04-09,35.76357056934697,71.22138912870717,3.1493795094324,0.7199879715966531,36.64149019426544,36.86849439096917,B_humid
2001-04-10,32.17615326171362,74.26200829529206,3.877522234810262,0.7737552630933586,36.86849439096917,36.59831012302597,B_humid
2001-04-11,30.712760631564834,73.80674478541758,2.1241850360033427,0.17748570313842715,36.59831012302597,36.323160211479816,B_humid
2001-04-12,32.21789504793897,79.87117386498932,7.975530716514948,0.3039444812689634,36.323160211479816,39.35775502060489,B_humid
2001-04-13,31.51031331879241,82.91806200132159,4.650611283855776,0.5472673647220719,39.35775502060489,40.158740807600466,B_humid
2001-04-14,33.26574832031799,78.95424851969697,1.4540323775696307,0.8103374151265301,40.158740807600466,38.86968423933696,B_humid
2001-04-15,32.56659626705539,77.96163187565621,2.381348496343666,0.9849372523561615,38.86968423933696,37.93548336499951,B_humid
2001-04-16,33.24238393791051,72.21344871086391,0.06875105704021024,0.8398299961770198,37.93548336499951,34.79728469761337,B_humid
2001-04-17,36.770422127122494,70.76071752972875,0.47792450059381986,1.0929641320997465,34.79728469761337,33.84577605007163,B_humid
2001-04-18,32.39035837421032,76.7797522052685,5.469281926270217,0.5360250505529196,33.84577605007163,35.43214872910574,B_humid
2001-04-19,35.62902443750231,68.60747665680967,7.795346651108838,1.2009767961479898,35.43214872910574,37.23479699707543,B_humid
2001-04-20,28.686475887937867,81.35820985168327,0.5993924299706276,0.42513529165485464,37.23479699707543,36.339942820047476,B_humid
2001-04-21,33.6291818915754,69.91674024070191,5.829153609186114,0.8024215792810003,36.339942820047476,37.903943072189385,B_humid
2001-04-22,29.518062903209913,69.62569911349547,7.671573094740629,0.45319341189612977,37.903943072189385,39.621662814537615,B_humid
2001-04-23,29.742554512155838,73.87521490895084,1.8146452708024488,0.7271899755457408,39.621662814537615,37.541252043385086,B_humid
2001-04-24,30.566622874355687,82.13019074663735,2.5654347435830602,0.11513421407782992,37.541252043385086,37.09458238200797,B_humid
2001-04-25,33.107817517419754,66.46697806234125,9.641366357858075,1.0648527989058332,37.09458238200797,40.80687088244107,B_humid
2001-04-26,29.340775571192978,73.51025696869537,3.786740073361715,0.4968052368096664,40.80687088244107,41.22273217192224,B_humid
2001-04-27,31.16863773016795,70.0286466696852,0.6811564634450977,0.6442583253099894,41.22273217192224,38.8301832326836,B_humid
2001-04-28,34.720322661684584,67.90727951444133,2.051421235828954,0.7678169266898746,38.8301832326836,37.898363768351054,B_humid
2001-04-29,32.21447519605239,66.2208566818842,7.1010774434526605,0.9482777235428927,37.898363768351054,40.692020461393525,B_humid
2001-04-30,34.62157718273501,73.33757239491271,2.4159491919813094,0.6187091151728717,40.692020461393525,40.75232893008265,B_humid
2001-05-01,29.85705812802452,76.68162560290533,2.8639978695887884,0.4225247483076126,40.75232893008265,39.11963643284897,B_humid
2001-05-02,28.652822979625448,74.76164654523087,2.9992588354990803,0.273769506980694,39.11963643284897,39.83259598398396,B_humid
2001-05-03,29.48488437826449,71.68015538450035,2.6972731282999565,0.6212491176130369,39.83259598398396,39.60817400472726,B_humid
2001-05-04,29.735982039719396,77.50934597234018,9.976723713848841,0.24804111789730612,39.60817400472726,43.76758739389766,B_humid
2001-05-05,30.872240266129417,74.3748852316167,1.5888084537513303,0.25917956917638313,43.76758739389766,42.50086246607591,B_humid
2001-05-06,33.64721065616566,71.27830123057586,0.9831125085169077,0.5368472190954259,42.50086246607591,39.95456165570679,B_humid
2001-05-07,28.783655375144583,68.76475582622756,0.44266504759076725,0.28554815555999874,39.95456165570679,39.20446699545463,B_humid
2001-05-08,29.788812279963036,84.28213540894902,11.508473349753059,0.3673779830094741,39.20446699545463,45.681433931749915,B_humid
2001-05-09,29.594687109816753,75.50301556434718,6.11952503463309,0.5650017024357933,45.681433931749915,47.57376121389855,B_humid
2001-05-10,32.107953555632854,74.04290870837782,2.822172951961219,0.608504032962621,47.57376121389855,46.95764091048238,B_humid
2001-05-11,32.28309247911167,75.95640969275202,5.679553774520362,0.3690211985532066,46.95764091048238,47.860916638630314,B_humid
2001-05-12,29.16310998726583,77.47290919534272,8.152209501653472,0.0964832939246571,47.860916638630314,50.339125322828416,B_humid
2001-05-13,29.007341509788546,74.44004758929105,15.681258905696739,0.350074596171521,50.339125322828416,57.248010093191525,B_humid
2001-05-14,27.498452524076054,69.084105625077,4.841482930752823,0.3995501728898202,57.248010093191525,57.88361788339833,B_humid
2001-05-15,27.804440486234608,71.9254794263547,1.4492008741701798,0.10201005787112966,57.88361788339833,55.217006487904875,B_humid
2001-05-16,29.022503225200506,74.30503572210696,1.2334479292625729,0.49592046219555946,55.217006487904875,54.26397101456688,B_humid
2001-05-17,26.36342546858456,77.94001646509278,4.546923181729942,0.18646456513141524,54.26397101456688,56.209811356077196,B_humid
2001-05-18,30.73563504903996,81.22540569686404,1.6098955596606228,0.4116047567938061,56.209811356077196,55.11295115600862,B_humid
2001-05-19,30.225304202415423,76.02538882152425,1.8212709232266227,0.5049027800428081,55.11295115600862,54.66930706874699,B_humid
2001-05-20,29.929385255617397,71.62352819318944,0.23415783254022762,0.3201113303323907,54.66930706874699,51.49208487970764,B_humid
2001-05-21,30.420279592423356,73.37625181672641,0.9533998245222569,0.20475944208871427,51.49208487970764,49.587541219281874,B_humid
2001-05-22,31.73614943297716,74.9472968071077,0.8106986735290184,0.4083291342183941,49.587541219281874,48.73675474107864,B_humid
2001-05-23,26.504119170026787,75.71762664125042,5.279536777975797,0.4595189717554666,48.73675474107864,50.705995761313275,B_humid
2001-05-24,27.519218150060453,71.25575668606173,4.198133341469267,0.49857626372856234,50.705995761313275,51.50446577821715,B_humid
2001-05-25,27.347561081997064,78.01484732257843,3.8330174123927696,0.23437720003128215,51.50446577821715,50.796436213836884,B_humid
2001-05-26,26.32204319903652,79.18013023504881,2.6125772000417973,0.2099014057442497,50.796436213836884,50.732449096678835,B_humid
2001-05-27,28.565100240229473,74.8659168665464,7.158109725333878,0.3787505479131987,50.732449096678835,52.33261613502786,B_humid
2001-05-28,27.77201836918144,76.77965582316652,7.2086825379967685,0.22346035940859874,52.33261613502786,54.16979132106854,B_humid
2001-05-29,29.59137402140673,76.09587847803155,4.472727971891765,0.4903806179296878,54.16979132106854,54.52276696905959,B_humid
2001-05-30,31.88935817096348,67.84476398474699,1.6818868027555343,0.7724756052293065,54.52276696905959,52.39756911692325,B_humid
2001-05-31,27.912732643782842,77.40236428382613,4.496403651150653,0.3887822841075216,52.39756911692325,52.56851759424497,B_humid
2001-06-01,29.222493505490267,74.39251431667526,1.2822279264857797,0.5546179572785074,52.56851759424497,51.21939081536151,B_humid
2001-06-02,28.148981789170424,67.26571593600052,4.555166301534419,0.2213327133650077,51.21939081536151,51.795259104384925,B_humid
2001-06-03,29.095470192875087,70.16764085942955,3.069729460356378,0.20680966867805434,51.795259104384925,51.73475514973371,B_humid
2001-06-04,25.872162072111628,72.97130853748678,1.2607919396627072,0.3612933359233398,51.73475514973371,49.86253637840039,B_humid
2001-06-05,26.155805122229445,85.52699413141545,2.110792545249254,0.0,49.86253637840039,48.89269412624695,B_humid
2001-06-06,30.636915640451015,70.43212146494655,7.116945884280007,0.9745411934534274,48.89269412624695,49.83184033085441,B_humid
2001-06-07,28.97193279543321,81.37656192579806,3.289515560397631,0.11304201855362044,49.83184033085441,49.60404118361087,B_humid
2001-06-08,26.968816830738994,74.32891257517927,2.4212653782109896,0.2677016754233506,49.60404118361087,49.73836475406524,B_humid
2001-06-09,30.283893594391476,72.64589824503857,1.44357337447816,0.3340409979295931,49.73836475406524,48.25965619631742,B_humid
2001-06-10,26.658708102155884,69.43229998247567,1.9086017096835037,0.4864622278339762,48.25965619631742,47.871939927794045,B_humid
2001-06-11,23.63843872444189,76.11791334208414,5.47817628705899,0.19386978545978117,47.871939927794045,49.47070430911639,B_humid
2001-06-12,25.283342120406612,79.79252250091719,6.205481791888998,0.0,49.47070430911639,50.674836082493385,B_humid
2001-06-13,26.29687190987427,75.90259261861547,1.5975138009032772,0.4010493579366108,50.674836082493385,48.089130181572344,B_humid
2001-06-14,26.18627191677139,79.25532712567656,4.822137313994925,0.0,48.089130181572344,49.9686584907761,B_humid
2001-06-15,23.628574317977446,80.97973362901384,4.522456979120975,0.0,49.9686584907761,51.272493167110625,B_humid
2001-06-16,24.379149897768894,72.93551543093747,0.19832121526606458,0.15653884564856144,51.272493167110625,50.36893609640402,B_humid
2001-06-17,24.828491494494656,65.90401679785444,1.773317996936292,0.024733830648999144,50.36893609640402,48.79790173571604,B_humid
2001-06-18,27.86063638832097,81.99239947919062,23.213839433306095,0.1748261639222772,48.79790173571604,60.63633087257578,B_humid
2001-06-19,28.5918967356364,76.49165973533727,0.1964192419696874,0.3340558416112061,60.63633087257578,59.1522946437492,B_humid
2001-06-20,25.288142142599387,81.33283120385605,3.0748611505735015,0.0,59.1522946437492,59.21131631047526,B_humid
2001-06-21,24.46346553979774,75.58227360891591,1.530688651854125,0.0,59.21131631047526,58.02261559488979,B_humid
2001-06-22,24.319024901143,78.33466478997364,2.3342379708220626,0.36828128057666737,58.02261559488979,57.276289642893225,B_humid
2001-06-23,20.885906535739473,79.65257136248968,0.37072216411870856,0.0,57.276289642893225,55.51622580856268,B_humid
2001-06-24,29.236678905409846,72.2284028626991,1.997001978483327,0.39979946144068346,55.51622580856268,55.17577535731907,B_humid
2001-06-25,24.08258763770243,74.09315925041702,1.3885851326343686,0.1109739101285683,55.17577535731907,54.953394021371466,B_humid
2001-06-26,22.856078911279432,76.46937046556353,3.6953220737695425,0.15774176470526366,54.953394021371466,56.045903412215154,B_humid
2001-06-27,24.181947357792403,76.18607753582783,1.4546878173050102,0.0,56.045903412215154,54.516185332517054,B_humid
2001-06-28,24.931923971377188,74.00465936866084,17.60293058226952,0.21762151134715613,54.516185332517054,62.3550656080688,B_humid
2001-06-29,22.225826776285942,72.56510227780092,5.47860750583226,0.01957983187982261,62.3550656080688,63.99054553638661,B_humid
2001-06-30,23.900358083685813,82.28680344811704,1.3457262534723011,0.0,63.99054553638661,61.16981941017027,B_humid
2001-07-01,24.28721371161852,82.36549617130761,1.111765885897311,8.447819700510562e-05,61.16981941017027,60.727977717013275,B_humid
2001-07-02,27.734543320822887,71.05660184312443,0.8003568386715734,0.2902015904219195,60.727977717013275,57.84374638313629,B_humid
2001-07-03,24.172724775482283,77.17216072418647,11.573978740795235,0.07370825919973518,57.84374638313629,63.22747952686718,B_humid
2001-07-04,25.620710089929418,72.04341218761992,1.581841445446504,0.24254597310151588,63.22747952686718,60.93857184319796,B_humid
2001-07-05,24.437233818688693,70.89929711727409,0.5720134419783839,0.3578880167932213,60.93857184319796,57.52084509838985,B_humid
2001-07-06,25.37024954819411,74.54703330560694,5.577694348431391,0.5509032564426333,57.52084509838985,58.607204313640295,B_humid
2001-07-07,25.83712949318572,70.56205316574125,1.468080367192426,0.05502426626013954,58.607204313640295,57.811804450689465,B_humid
2001-07-08,25.096341666562523,74.59809158130419,31.24717620402889,0.20427764332166296,57.811804450689465,75.59689950854656,B_humid
2001-07-09,24.173167862048274,72.50995295760174,5.646889373016235,0.11099871909865902,75.59689950854656,75.42800979708687,B_humid
2001-07-10,22.309378615618947,87.03663419311775,3.8788130807240613,0.0,75.42800979708687,75.14941656577172,B_humid
2001-07-11,21.693292957524033,73.28115996691592,0.4909527220624206,0.0,75.14941656577172,72.4406042919465,B_humid
2001-07-12,22.533212893705766,72.15883278857612,1.3448872027667267,0.0,72.4406042919465,71.11742091652617,B_humid
2001-07-13,24.047695044904348,73.01922911702769,0.6190402698830216,0.1460091211993027,71.11742091652617,68.52732078109706,B_humid
2001-07-14,21.976013645692408,81.60299324123149,23.266680479874914,0.0,68.52732078109706,79.97059253199079,B_humid
2001-07-15,22.83101395051236,72.42493250957375,7.48874911821452,0.0,79.97059253199079,81.44010841129423,B_humid
2001-07-16,23.4520809602997,77.97811800829922,11.26765866479232,0.30361540199943177,81.44010841129423,85.86779913223089,B_humid
2001-07-17,18.090237851329896,81.85372950823125,4.910556133139612,0.0,85.86779913223089,86.4008236709895,B_humid
2001-07-18,20.72794214866388,73.37150001782543,0.9731594723489303,0.0,86.4008236709895,82.94561441795607,B_humid
2001-07-19,23.393898095086573,80.22238336107651,1.0280946175054846,0.0,82.94561441795607,80.04786620019165,B_humid
2001-07-20,24.3035563254564,78.3050974647349,1.2947903714037288,0.3301275713611628,80.04786620019165,76.27798917616019,B_humid
2001-07-21,19.67202990819949,82.71854223977432,1.7223485677036978,0.0,76.27798917616019,75.52851645785334,B_humid
2001-07-22,19.78511001043504,75.67644484095476,0.585722991847546,0.0,75.52851645785334,72.60564543036193,B_humid
2001-07-23,18.217460947109487,79.07361142995941,5.366635238633546,0.0,72.60564543036193,73.3825878226355,B_humid
2001-07-24,23.135704997248762,68.66870284484597,4.620591522500208,0.0,73.3825878226355,74.21670902396835,B_humid
2001-07-25,21.7384680184723,74.79872650182351,6.9283612891957995,0.07055152262038486,74.21670902396835,74.77177034958905,B_humid
2001-07-26,20.576079480853156,75.66162089522759,1.7231263965295711,0.0,74.77177034958905,72.81190866003313,B_humid
2001-07-27,21.297899666030524,78.92639829815863,2.1448400604675317,0.0,72.81190866003313,71.02493537258057,B_humid
2001-07-28,18.72867403200995,72.1011480328694,7.19674406975929,0.0,71.02493537258057,73.03340820469471,B_humid
2001-07-29,17.200490351261372,80.62484158452534,2.7588354294767368,0.0,73.03340820469471,71.63369376423307,B_humid
2001-07-30,20.58137928676729,79.5367442076791,2.6948178751362177,0.0,71.63369376423307,70.6726551356351,B_humid
2001-07-31,20.65956485466481,79.91109048213367,16.404811816703667,0.0,70.6726551356351,76.06137073719007,B_humid
2001-08-01,19.717484393176708,76.3549354963673,9.690350734741424,0.022471759642600064,76.06137073719007,79.75705723445869,B_humid
2001-08-02,19.292458071638194,69.73476292285649,5.334280572378471,0.0,79.75705723445869,79.86218621240131,B_humid
2001-08-03,22.48106576747183,76.48757848871963,9.632281872590482,0.0,79.86218621240131,81.90152188884342,B_humid
2001-08-04,18.515025545450616,73.26668953405476,3.644439517523635,0.0,81.90152188884342,81.67577751536582,B_humid
2001-08-05,16.083043120700964,74.6663197330723,3.815456416181918,0.0,81.67577751536582,80.24600710976442,B_humid
2001-08-06,19.83668067554793,76.29667973015569,0.677255493654118,0.0,80.24600710976442,78.31973905768754,B_humid
2001-08-07,18.11930991582759,76.49768490453327,4.480390216729339,0.0,78.31973905768754,78.09601409451426,B_humid
2001-08-08,19.692858275769222,70.64036338495794,2.8920785660567696,0.0,78.09601409451426,77.54103204271091,B_humid
2001-08-09,18.000977616836497,75.59850968916197,0.919202676952829,0.0,77.54103204271091,77.86680588504119,B_humid
2001-08-10,19.105691403692028,71.28018242409662,2.946908034427661,0.0007062724892223926,77.86680588504119,77.10210311683268,B_humid
2001-08-11,19.417010604197294,78.6000025581965,0.3838164881503447,0.0,77.10210311683268,75.97603945914615,B_humid
2001-08-12,21.134081931627808,75.50420193199871,2.7584641788785653,0.0,75.97603945914615,75.78756101311929,B_humid
2001-08-13,17.0990362316312,66.49496983729972,3.03777372416746,0.0,75.78756101311929,74.18513011047027,B_humid
2001-08-14,15.502839115634407,77.49064965017338,0.9888721671254592,0.0,74.18513011047027,73.22709588444684,B_humid
2001-08-15,18.729774562922792,73.4378257442942,1.6708721902438675,0.0,73.22709588444684,72.32327399600882,B_humid
2001-08-16,15.488487343197363,76.34374085842293,0.9790257850354488,0.0,72.32327399600882,69.73309905183868,B_humid
2001-08-17,21.593382770432655,78.30991477132329,6.790941993028306,0.0,69.73309905183868,70.08460187892678,B_humid
2001-08-18,17.47886982316162,80.64715279993857,1.9556632742095952,0.0,70.08460187892678,68.0609996953263,B_humid
2001-08-19,21.036011460695736,73.51898321936804,0.7863621319985106,0.0,68.0609996953263,65.62692653246013,B_humid
2001-08-20,17.09831584155076,76.94474157117027,5.348677510994916,0.0,65.62692653246013,66.45561930028249,B_humid
2001-08-21,17.92555090151767,81.069289716774,1.1472805713376362,0.0,66.45561930028249,65.8515059944714,B_humid
2001-08-22,15.579649331643573,78.76120913772677,2.711947181877138,0.0,65.8515059944714,65.72375752166803,B_humid
2001-08-23,17.648918481565936,71.799042828749,0.7776150807340335,0.0,65.72375752166803,64.78905273777248,B_humid
2001-08-24,18.53357313639372,76.53978947519191,0.6201576462702564,0.0,64.78905273777248,63.13002451609723,B_humid
2001-08-25,15.064737882008464,78.59905386076781,5.557900669258191,0.0,63.13002451609723,64.39023115346268,B_humid
2001-08-26,13.788821925026024,70.46173937721284,7.133515651159127,0.0,64.39023115346268,65.32303724033396,B_humid
2001-08-27,16.951796762662422,70.73114300415092,0.786160009903336,0.0,65.32303724033396,63.369217190605355,B_humid
2001-08-28,15.356162450116926,75.65745849482532,5.368232574183953,0.0,63.369217190605355,63.5988368599453,B_humid
2001-08-29,19.27561405788298,75.03300136028336,2.13278235534776,0.0,63.5988368599453,62.32883609264077,B_humid
2001-08-30,14.825095860774386,72.33272345011221,1.8468902993594551,0.0,62.32883609264077,61.2661674567766,B_humid
2001-08-31,17.855731759441056,78.43250844480924,4.5954788518944945,0.0,61.2661674567766,62.60653872071089,B_humid
2001-09-01,15.935010119456186,76.24960010321499,1.6755046400404574,0.0,62.60653872071089,62.02254996341691,B_humid
2001-09-02,17.170249244018127,76.29934027952304,7.363408915184998,0.0,62.02254996341691,64.39226459277904,B_humid
2001-09-03,18.283930358449947,77.83039836313348,0.6890152871060848,0.0,64.39226459277904,61.41913612922014,B_humid
2001-09-04,14.65135037778624,78.86145027195994,0.6846665909426585,0.0,61.41913612922014,59.787762196030926,B_humid
2001-09-05,16.218122314257155,84.07823890423462,0.707194823595075,0.0,59.787762196030926,57.889930087345,B_humid
2001-09-06,19.35812108611886,75.48009585715415,5.862308254921199,0.0,57.889930087345,58.454665669944085,B_humid
2001-09-07,15.229708970150048,74.37632857343293,1.9262062811750884,0.0,58.454665669944085,57.30820626902145,B_humid
2001-09-08,14.774575113376116,77.93698415027366,2.4492734658838455,0.0,57.30820626902145,57.32498141643155,B_humid
2001-09-09,18.193069006326674,80.49876751248078,5.319025467177337,0.0,57.32498141643155,58.04956192807125,B_humid
2001-09-10,18.657216601080503,70.22530902671613,0.9269874529517206,0.0,58.04956192807125,56.08596013830637,B_humid
2001-09-11,18.373011627663924,75.07164750643857,2.3982488161872766,0.0,56.08596013830637,56.50548372272757,B_humid
2001-09-12,14.546715078556272,77.44424252961826,2.6816522313264333,0.0,56.50548372272757,56.268343787468716,B_humid
2001-09-13,12.79359351291028,75.63299886793277,2.1167610147150606,0.0,56.268343787468716,55.93161416499011,B_humid
2001-09-14,18.013831859125155,72.3623493952285,1.126008292274503,0.0,55.93161416499011,54.61664312745876,B_humid
2001-09-15,16.67874028794593,77.92564943598038,1.555521794201374,0.0,54.61664312745876,54.22640858096905,B_humid
2001-09-16,16.203352453755954,80.97505133711869,1.1877081779697234,0.0,54.22640858096905,54.67077799940637,B_humid
2001-09-17,17.27694325916098,82.44998852884046,0.38037092732859784,0.0,54.67077799940637,52.62107602681168,B_humid
2001-09-18,17.117740298191965,78.3774701157931,2.092022024547767,0.0,52.62107602681168,52.594878477437376,B_humid
2001-09-19,17.0712983522341,75.10782179053186,2.682201825638182,0.0,52.594878477437376,50.88916088618552,B_humid
2001-09-20,16.979869371422666,76.34289278486558,0.6670093551000812,0.0,50.88916088618552,49.93463863640063,B_humid
2001-09-21,17.245586979890533,73.74228869836357,17.696494863806087,0.02662190426715716,49.93463863640063,58.857538489916166,B_humid
2001-09-22,16.571676290448725,75.59590218524933,35.43517681712713,0.0,58.857538489916166,78.9996399001495,B_humid
2001-09-23,17.07128686994409,76.11573499948904,0.3221657614930307,0.0,78.9996399001495,75.47863933214892,B_humid
2001-09-24,13.175396155408961,75.68228108992938,2.1134982732634673,0.0,75.47863933214892,74.90238375634307,B_humid
2001-09-25,17.85906010781615,72.63549927207431,1.0791608010265066,0.0,74.90238375634307,72.52918610804234,B_humid
2001-09-26,16.35652060461147,76.58028690759744,1.4435155579720746,0.0,72.52918610804234,69.97061960367634,B_humid
2001-09-27,17.380831771964466,76.07931097585978,1.421941408716946,0.0,69.97061960367634,68.64017588118207,B_humid
2001-09-28,13.469540926292149,81.93926960385375,1.327654710758161,0.0,68.64017588118207,66.55269416781603,B_humid
2001-09-29,15.179982565318205,84.77718863310987,0.36606259676582886,0.0,66.55269416781603,64.68092850809423,B_humid
2001-09-30,18.96798618860146,74.50501174592937,1.9168176039398679,0.0,64.68092850809423,64.07103224886698,B_humid
2001-10-01,17.101775476937693,81.65707047229238,3.962493781056226,0.0,64.07103224886698,63.82707300271878,B_humid
2001-10-02,15.421784195020848,75.80263326033554,1.956697646775076,0.0,63.82707300271878,63.01446968661029,B_humid
2001-10-03,16.177798500466306,77.11242784996476,2.0555511464145235,0.0,63.01446968661029,61.97878472203933,B_humid
2001-10-04,18.930260387525465,77.39446445825615,2.626534536685079,0.0,61.97878472203933,62.02517543217023,B_humid
2001-10-05,16.697927377097976,74.73014070005928,5.929481647088271,0.0,62.02517543217023,62.00992598613052,B_humid
2001-10-06,19.193225186289446,72.99953413432989,6.041716174078085,0.0,62.00992598613052,63.57784910075053,B_humid
2001-10-07,18.78560980746686,72.88773122777621,2.049787970472213,0.0,63.57784910075053,62.102889964365694,B_humid
2001-10-08,16.940334279036048,84.6983453851886,2.134570884263943,0.0,62.102889964365694,61.33216785604539,B_humid
2001-10-09,16.426272097801277,73.1406924148477,4.697594647995362,0.0,61.33216785604539,61.75221710227893,B_humid
2001-10-10,14.610967118460616,81.44111551858481,2.047252046615708,0.0,61.75221710227893,60.595403929699856,B_humid
2001-10-11,16.46173063746911,76.06102203640334,0.9937742959008204,0.0,60.595403929699856,59.9198488126455,B_humid
2001-10-12,16.553826587318227,71.76305819933893,3.0271019882412844,0.0,59.9198488126455,60.87784149785394,B_humid
2001-10-13,15.734130944607218,82.14282821645753,2.7823981637020014,0.0,60.87784149785394,60.180986045074484,B_humid
2001-10-14,16.583439267722053,72.5342523405596,0.386215651319621,0.0,60.180986045074484,58.20199136144552,B_humid
2001-10-15,19.11936754065963,73.49693926964991,2.4269313749438104,0.0,58.20199136144552,58.588873041400724,B_humid
2001-10-16,15.1102967455965,74.78713438659862,0.06419424015678356,0.0,58.588873041400724,55.92107500902322,B_humid
2001-10-17,16.35194738144379,79.33212949203129,3.595644950250242,0.0,55.92107500902322,55.95456496816464,B_humid
2001-10-18,17.223596580156613,73.98991944992696,1.2891036769730149,0.0,55.95456496816464,54.545316561135486,B_humid
2001-10-19,13.748023238458734,75.05831271312964,3.7803616713157635,0.0,54.545316561135486,55.12166489335811,B_humid
2001-10-20,15.810780720806633,78.54213408661839,5.670734113519643,0.0,55.12166489335811,56.03712657103284,B_humid
2001-10-21,15.019329189256233,75.43208910609523,1.7037726062386653,0.0,56.03712657103284,55.756757804793196,B_humid
2001-10-22,13.671714145005438,78.09679573471081,3.0568969165733018,0.0,55.756757804793196,56.35974463519264,B_humid
2001-10-23,19.782528670142895,79.06943899398293,3.1656272848926443,0.0,56.35974463519264,56.84966218595118,B_humid
2001-10-24,16.731864430191152,75.99167288940689,1.0312640618880158,0.0,56.84966218595118,55.5947650304069,B_humid
2001-10-25,17.26261763664629,74.38756400321805,0.7217852495445914,0.0,55.5947650304069,54.013363351223155,B_humid
2001-10-26,15.690049896434163,88.45049258611681,9.14484110664153,0.0,54.013363351223155,57.91256921539877,B_humid
2001-10-27,17.747431521540157,78.09232130268428,17.323563448035785,0.0,57.91256921539877,66.65318461206792,B_humid
2001-10-28,17.07728555834081,77.61283137888135,0.1326653514009587,0.0,66.65318461206792,63.70311814323517,B_humid
2001-10-29,15.20169295767094,74.60458010772362,6.139759267814965,0.0,63.70311814323517,64.37195370467012,B_humid
2001-10-30,15.845763303492262,71.29433347302566,2.5165876644972704,0.0,64.37195370467012,63.502558660852706,B_humid
2001-10-31,15.900682529539461,69.5885052123359,5.386246337369511,0.0,63.502558660852706,64.67301813577869,B_humid
2001-11-01,15.006382483939422,78.50319164205996,1.2845630744243335,0.0,64.67301813577869,63.6834820536832,B_humid
2001-11-02,17.639723114278773,75.50927216674057,4.1131983346390655,0.0,63.6834820536832,65.31648054924602,B_humid
2001-11-03,15.36628610807776,74.84931858545607,7.87439045459616,0.0,65.31648054924602,67.62265675868133,B_humid
2001-11-04,18.76453810451936,76.27411057373412,6.179279473586024,0.0,67.62265675868133,69.29745223650097,B_humid
2001-11-05,19.770500830681772,75.20850517786495,1.8346295687327185,0.12726422505185625,69.29745223650097,67.58256300288173,B_humid
2001-11-06,18.671887474819584,74.29900141006671,4.150128982960717,0.0,67.58256300288173,68.11198594528219,B_humid
2001-11-07,17.964439748425182,85.9653788115107,2.535317125227946,0.0,68.11198594528219,68.93056202823298,B_humid
2001-11-08,16.28850535760897,80.87242271870356,4.708804478763576,0.0,68.93056202823298,68.1398894648472,B_humid
2001-11-09,18.18184903784368,81.44964025056547,0.6906161343117095,0.0,68.1398894648472,67.72232669695298,B_humid
2001-11-10,18.351985403271417,67.84750100641804,2.2182416602847232,0.0,67.72232669695298,65.10942783368999,B_humid
2001-11-11,15.74113608524216,76.27350083111628,13.070147928560065,0.0,65.10942783368999,70.62192307689025,B_humid
2001-11-12,20.578073816254374,78.90934603419255,0.2412990538047955,0.0,70.62192307689025,68.06062613589293,B_humid
2001-11-13,18.098937917532755,76.85549852421505,0.34273621831601025,0.0,68.06062613589293,66.67779460085855,B_humid
2001-11-14,17.179594502768616,80.99313992280564,0.6214352086965707,0.0,66.67779460085855,66.15793689317408,B_humid
2001-11-15,19.442431696841634,80.32180333957878,3.4501751633675064,0.0,66.15793689317408,65.74415381637704,B_humid
2001-11-16,19.073216287531896,77.17886441962327,2.6831832956370683,0.0,65.74415381637704,66.01665954546286,B_humid
2001-11-17,15.310032132593102,74.80750778870022,2.47881409044191,0.0,66.01665954546286,65.53607881161794,B_humid
2001-11-18,19.261432080410685,77.1360299378616,4.838276920915841,0.0,65.53607881161794,65.97976264404286,B_humid
2001-11-19,19.89667597539949,79.62593259237062,2.7047189017063262,0.0,65.97976264404286,65.19157555492282,B_humid
2001-11-20,20.968334289273294,76.51425137022643,5.232476174716498,0.0,65.19157555492282,68.17612914296578,B_humid
2001-11-21,15.623425165948042,76.84182245401917,2.2710482259868905,0.0,68.17612914296578,68.307192924122,B_humid
2001-11-22,21.46634065661769,76.61899266426181,0.6035234192742644,0.0,68.307192924122,65.86757057133579,B_humid
2001-11-23,20.902385663888012,78.8117188259926,3.7057937614114485,0.0,65.86757057133579,67.2870398242212,B_humid
2001-11-24,22.644491380685675,68.47215575353115,1.0667918278824662,0.1450428518721368,67.2870398242212,65.59632125952253,B_humid
2001-11-25,21.739866697258066,73.73943106866435,2.22355932056997,0.03205680012157244,65.59632125952253,65.55646266629418,B_humid
2001-11-26,21.62062492177579,68.89654642022482,1.0205798780476016,0.0,65.55646266629418,63.652528332843424,B_humid
2001-11-27,17.632491553439067,71.63637625084031,3.4301305542088043,0.0,63.652528332843424,63.160196483037986,B_humid
2001-11-28,21.900493067831928,74.58306138892462,4.191281532316361,0.0,63.160196483037986,63.0148042406199,B_humid
2001-11-29,17.57065560217233,78.9073149095152,1.0198377743049587,0.0,63.0148042406199,60.1747281361824,B_humid
2001-11-30,21.876826629530104,71.27055093965267,4.495029857633573,0.061289833270691374,60.1747281361824,61.294430211272896,B_humid
2001-12-01,23.07297107422899,76.4730992146225,0.12359321023104085,0.044800665976099954,61.294430211272896,58.79330012831327,B_humid
2001-12-02,21.25009158897703,75.7793170500448,45.490513535408255,0.0,58.79330012831327,83.77778678124442,B_humid
2001-12-03,19.103281915319307,72.5350387115099,6.825421856904951,0.0,83.77778678124442,84.92253270343434,B_humid
2001-12-04,20.091816436401754,76.05612063105605,1.7317131657204985,0.0,84.92253270343434,84.16318139993153,B_humid
2001-12-05,20.037464267706838,75.55589228505596,1.054251847778166,0.0,84.16318139993153,82.89403791415775,B_humid
2001-12-06,20.325013382792626,68.31064216159498,1.3446863036217191,0.0,82.89403791415775,80.95868734869936,B_humid
2001-12-07,20.08570367860856,76.53028374619403,1.5008915048752305,0.0,80.95868734869936,79.87822396923494,B_humid
2001-12-08,19.307586999094813,85.71546086083052,5.428182177723124,0.0,79.87822396923494,80.05121450469319,B_humid
2001-12-09,18.165842937474935,74.0987300205038,5.142422455995872,0.0,80.05121450469319,79.53134385368793,B_humid
2001-12-10,21.276400299557,77.4611883691365,3.8822902540683804,0.0,79.53134385368793,79.38227993989128,B_humid
2001-12-11,21.456268877549423,79.85966605324417,8.450874426372717,0.02683050376490398,79.38227993989128,80.85705236501008,B_humid
2001-12-12,25.532325017783755,74.5010068010191,0.9176412443768022,0.052084016795701085,80.85705236501008,80.34735562077567,B_humid
2001-12-13,23.320937914424256,75.45350209161116,11.136400975686083,0.0,80.34735562077567,84.01425591988162,B_humid
2001-12-14,24.373028293455075,74.63356276394097,1.4013047054864884,0.13120314538297095,84.01425591988162,83.06319753275667,B_humid
2001-12-15,19.37396761270178,69.37177562448484,2.18578365662445,0.0,83.06319753275667,82.21309799152115,B_humid
2001-12-16,21.09853981186691,74.25203648233037,1.244576677615063,0.0,82.21309799152115,81.02075070092819,B_humid
2001-12-17,20.19780438439765,79.08790375390726,2.293578989619131,0.0,81.02075070092819,79.3255908413614,B_humid
2001-12-18,25.56528587377153,72.88007514686898,0.6772486197239911,0.15981707331133865,79.3255908413614,75.83592034060261,B_humid
2001-12-19,24.528057216253313,73.7877855317034,4.183328448066245,0.0,75.83592034060261,74.86781294338381,B_humid
2001-12-20,21.87808553042346,76.96445308786052,8.136450134727662,0.0,74.86781294338381,77.28693471315417,B_humid
2001-12-21,21.86868949070707,70.8007502499744,0.08461219697375476,0.0,77.28693471315417,72.9593257769349,B_humid
2001-12-22,23.114354185875648,76.38725359493857,0.44131528368813544,0.0,72.9593257769349,70.10233277849672,B_humid
2001-12-23,22.452484694516404,79.16530605344067,7.104916401353358,0.0,70.10233277849672,71.14087091192116,B_humid
2001-12-24,24.456666601567722,85.56244417486366,3.238995142228611,0.18417402785124115,71.14087091192116,71.07837369093855,B_humid
2001-12-25,23.262984473394795,72.87945428608157,86.87567840191534,0.0,71.07837369093855,100.0,B_humid
2001-12-26,21.818823260062736,75.40499871672976,5.371206681343919,0.0,100.0,99.42104100293538,B_humid
2001-12-27,22.96571325330671,77.42634505040263,3.788855948581779,0.0,99.42104100293538,98.15865575171962,B_humid
2001-12-28,24.413405006644375,69.54271011452215,1.8598633872599022,0.2665660084938821,98.15865575171962,95.40318919767682,B_humid
2001-12-29,26.751739170058663,78.74704975846831,5.359066163298184,0.0,95.40318919767682,96.32712329464324,B_humid
2001-12-30,25.380798946703262,74.82826681552238,0.5969661855395513,0.021007833949227228,96.32712329464324,93.42136723094279,B_humid
2001-12-31,20.218588666945493,71.07665749851613,1.86364593439348,0.0,93.42136723094279,91.78684066541136,B_humid
2002-01-01,23.96472598805344,73.37501391538167,2.4884074918270223,0.0,91.78684066541136,91.50290798414746,B_humid
2002-01-02,25.113350891217994,71.68637005178385,2.6773785743728675,0.3959228179975172,91.50290798414746,90.15630649536408,B_humid
2002-01-03,25.659145053983643,70.40248481647203,0.6497889283463297,0.3679045053308231,90.15630649536408,87.54387803753399,B_humid
2002-01-04,27.271764465875627,79.04486659646989,2.5721444053836695,0.20975803801222026,87.54387803753399,86.33229590086671,B_humid
2002-01-05,23.53708997027186,78.27234045224569,2.668090090539674,0.0,86.33229590086671,84.69231042639488,B_humid
2002-01-06,23.991021460353767,84.94577051186577,21.992130715032186,0.03471030060988545,84.69231042639488,94.48096755378968,B_humid
2002-01-07,26.818447258227227,65.82869346450151,2.6549763046250683,0.3774636889744858,94.48096755378968,91.43616395185046,B_humid
2002-01-08,21.444968896084028,81.18951095109993,3.028748834425336,0.15770969081261565,91.43616395185046,91.0695314228146,B_humid
2002-01-09,27.7253848928834,76.88952798999888,2.0168440506481753,0.17378278280304887,91.0695314228146,87.91338579956188,B_humid
2002-01-10,24.37504840111968,73.03046257810566,3.01753662655227,0.0,87.91338579956188,85.84906153010263,B_humid
2002-01-11,25.607026111047603,82.22458220428082,5.4672785333349205,0.14403123727451683,85.84906153010263,85.08922840690181,B_humid
2002-01-12,26.469813029154245,77.2238208457538,1.589196812379449,0.29215934058094967,85.08922840690181,82.99086795158128,B_humid
2002-01-13,26.95513913618642,74.08983850805873,7.2799816091195435,0.0887418271017355,82.99086795158128,83.08538795517516,B_humid
2002-01-14,25.602828008386865,73.76376801265785,17.153368649496286,0.0755198095118933,83.08538795517516,90.6915856343054,B_humid
2002-01-15,28.269971490665167,64.86499984594104,4.811662365300163,0.5228880229176815,90.6915856343054,88.32433400478833,B_humid
2002-01-16,26.734850056727627,78.57327004373568,2.8326582375408518,0.4484161062869191,88.32433400478833,86.11438040766767,B_humid
2002-01-17,26.912319106407296,76.54457744153915,3.896941246279815,0.3093058374330926,86.11438040766767,85.23699258454728,B_humid
2002-01-18,25.154347713889557,68.27817772187855,3.436801999731015,0.2969174073108361,85.23699258454728,83.1067254549081,B_humid
2002-01-19,23.84128176642835,71.33794905771737,2.274240591917203,0.0,83.1067254549081,82.65075281368159,B_humid
2002-01-20,25.367936670539343,72.67132752708034,2.9843547906153165,0.19647527067324433,82.65075281368159,80.27501787540054,B_humid
2002-01-21,25.993685416773438,67.00657539724561,4.242565683344518,0.34728452904950413,80.27501787540054,78.78288331051992,B_humid
2002-01-22,27.69627563456223,73.65075155838348,1.8176326379012495,0.2708272591304104,78.78288331051992,78.02306969725393,B_humid
2002-01-23,31.09533958502353,79.35826794011513,0.4437208232458591,0.22723137895263962,78.02306969725393,74.77244222005757,B_humid
2002-01-24,28.617874167142432,69.37713207361121,48.362017441145184,0.25326326293916646,74.77244222005757,100.0,B_humid
2002-01-25,29.01741612444409,75.09786502346216,8.89094841205711,0.6685848480473273,100.0,100.0,B_humid
2002-01-26,26.557996732432517,78.36116654881364,6.127394454798527,0.07766889359399308,100.0,100.0,B_humid
2002-01-27,29.516416332869795,76.24469098443362,2.3363739743465417,0.4869625244762393,100.0,98.39430941542842,B_humid
2002-01-28,27.992680557050836,76.64399202042,4.1329064773475634,0.14879653339600582,98.39430941542842,97.1614767184468,B_humid
2002-01-29,29.498376942334634,78.28546948541776,0.7361304511576111,0.2939691023986671,97.1614767184468,94.60345069216193,B_humid
2002-01-30,24.263497181038264,82.26839555046517,5.610481760832238,0.0,94.60345069216193,93.56411926732855,B_humid
2002-01-31,29.419054998314312,76.56371316813943,4.997499825350579,0.1562408522110869,93.56411926732855,92.87257110063359,B_humid
2002-02-01,26.713989931909673,76.83144133689323,0.9024994260476022,0.02554084666138559,92.87257110063359,89.85973321144044,B_humid
2002-02-02,29.955153232194686,72.37726973651955,0.5921890576381015,0.021762868344998243,89.85973321144044,87.9384488384621,B_humid
2002-02-03,29.48099403478015,73.28108934407273,4.784304475634566,0.3824681863640627,87.9384488384621,87.00588028386628,B_humid
2002-02-04,27.633040015711433,64.88896458286958,1.6924137938448294,0.28266266244917304,87.00588028386628,85.1316395723377,B_humid
2002-02-05,26.158427801084127,77.19622474612346,3.203223565403796,0.045092556620958346,85.1316395723377,83.51872679883732,B_humid
2002-02-06,28.112455088171313,68.33480037301483,3.2384915108215346,0.5162535942842632,83.51872679883732,80.44010777471375,B_humid
2002-02-07,30.675312451432887,73.3927900142818,11.629875448222837,0.6146974624601129,80.44010777471375,83.97995490105694,B_humid
2002-02-08,27.332914273301178,73.85795858137608,1.167529758552609,0.31829187444398843,83.97995490105694,81.19640973557158,B_humid
2002-02-09,28.171189285902752,70.10553200059758,1.970671859178995,0.8543766383099556,81.19640973557158,78.63801828997354,B_humid
2002-02-10,29.933807525658796,74.42774825168635,2.0568511345355014,0.5357163185347391,78.63801828997354,76.37118632028695,B_humid
2002-02-11,26.980110516170022,76.84404500557737,2.1219723457842794,0.38804479499519967,76.37118632028695,74.57883240025437,B_humid
2002-02-12,28.564084537634564,79.34648071170915,0.555394470622777,0.1973057220111497,74.57883240025437,72.68504825241428,B_humid
2002-02-13,28.864520982282368,77.06062947755609,1.06029275101985,0.7066281784018222,72.68504825241428,70.75859714082544,B_humid
2002-02-14,31.341414235809452,71.41157715163997,46.283009840629916,0.6120251384840367,70.75859714082544,93.68098077350189,B_humid
2002-02-15,31.569841912468025,73.82487150923775,5.773247679022893,0.6061957078945228,93.68098077350189,94.2310645850733,B_humid
2002-02-16,30.866499471855736,75.10178959130556,1.6783019577082525,0.7289881990400678,94.2310645850733,91.626883407535,B_humid
2002-02-17,29.73040630857152,73.56069733397165,2.882437244828113,0.054278840292027786,91.626883407535,89.24741678463171,B_humid
2002-02-18,32.490465993285326,75.58598344981831,2.0764974719866958,0.5994957634507623,89.24741678463171,87.52073512655227,B_humid
2002-02-19,29.683587169120393,78.8988149660952,5.646900423658058,0.0,87.52073512655227,87.95313608601583,B_humid
2002-02-20,32.72168093445752,72.02637406420138,1.0690188067377393,0.892713365461927,87.95313608601583,84.82597987623231,B_humid
2002-02-21,30.54134324601375,66.59059477788011,2.6786626851785575,1.0035297205227314,84.82597987623231,81.98848578922598,B_humid
2002-02-22,29.53618124790482,77.65688059966092,3.594992774440884,0.5584652795320987,81.98848578922598,79.88624633961354,B_humid
2002-02-23,30.9536095498811,65.71845195599452,3.681288473573678,0.8022154787113625,79.88624633961354,78.03902246197617,B_humid
2002-02-24,28.504430578742948,76.59726607841262,2.274084264778276,0.51933593616481,78.03902246197617,76.05140447769926,B_humid
2002-02-25,29.26436945489089,71.44972105991228,1.2173805974692804,0.5964675168260675,76.05140447769926,73.96269952250317,B_humid
2002-02-26,31.956070906834036,68.41898056066073,0.40063977851162713,0.824423556014294,73.96269952250317,69.84636456563918,B_humid
2002-02-27,27.726654684850782,66.12051795275508,1.9973882521432238,0.6140414028416672,69.84636456563918,69.38911320702353,B_humid
2002-02-28,29.689459434899042,72.76149615853012,3.7106971325365645,0.5799824073151051,69.38911320702353,68.24258294308723,B_humid
2002-03-01,34.52628184286298,73.50341175365273,4.032776812551554,0.5857573611883896,68.24258294308723,67.93646544364827,B_humid
2002-03-02,30.310918879582218,76.06898521481135,0.8648227720570542,0.57469836287392,67.93646544364827,65.86340359552214,B_humid
2002-03-03,29.385070402142837,73.89696482937188,13.792080751544969,0.3033972007817289,65.86340359552214,70.9398298227041,B_humid
2002-03-04,29.357802514839534,76.55423370247873,0.8929877388667478,0.3014518801999143,70.9398298227041,67.1592538141016,B_humid
2002-03-05,28.33864049198061,79.58084285501646,9.132852402638974,0.5951196873970288,67.1592538141016,69.28373578214014,B_humid
2002-03-06,29.555882580293265,74.70254972809616,0.0495138698375862,0.656872591045264,69.28373578214014,66.33514639697174,B_humid
2002-03-07,30.58739472434985,74.8305992044306,0.3526137602142507,0.5561855620150657,66.33514639697174,64.51047196851799,B_humid
2002-03-08,31.622804805349674,78.54728205618238,1.5329898506922492,0.3388976997314753,64.51047196851799,62.3361770750964,B_humid
2002-03-09,32.1450729709835,71.65319499361881,11.160073122979089,0.8920052054729997,62.3361770750964,65.59338220824651,B_humid
